timestamp,open,high,low,close,volume
2024-01-08 03:45:00,21747.599609375,21763.94921875,21492.900390625,21513.0,231500.0
2024-01-09 03:45:00,21653.599609375,21724.44921875,21517.849609375,21544.849609375,228600.0
2024-01-10 03:45:00,21529.30078125,21641.849609375,21448.650390625,21618.69921875,217000.0
2024-01-11 03:45:00,21688.0,21726.5,21593.75,21647.19921875,212500.0
2024-01-12 03:45:00,21773.55078125,21928.25,21715.150390625,21894.55078125,294700.0
2024-01-15 03:45:00,22053.150390625,22115.55078125,21963.55078125,22097.44921875,345500.0
2024-01-16 03:45:00,22080.5,22124.150390625,21969.80078125,22032.30078125,292400.0
2024-01-17 03:45:00,21647.25,21851.5,21550.44921875,21571.94921875,456000.0
2024-01-18 03:45:00,21414.19921875,21539.400390625,21285.55078125,21462.25,387300.0
2024-01-19 03:45:00,21615.19921875,21670.599609375,21575.0,21622.400390625,343100.0
2024-01-23 03:45:00,21716.69921875,21750.25,21192.599609375,21238.80078125,449700.0
2024-01-24 03:45:00,21185.25,21482.349609375,21137.19921875,21453.94921875,407500.0
2024-01-25 03:45:00,21454.599609375,21459.0,21247.05078125,21352.599609375,418100.0
2024-01-29 03:45:00,21433.099609375,21763.25,21429.599609375,21737.599609375,376700.0
2024-01-30 03:45:00,21775.75,21813.05078125,21501.80078125,21522.099609375,375100.0
2024-01-31 03:45:00,21487.25,21741.349609375,21448.849609375,21725.69921875,410600.0
2024-02-01 03:45:00,21780.650390625,21832.94921875,21658.75,21697.44921875,332500.0
2024-02-02 03:45:00,21812.75,22126.80078125,21805.55078125,21853.80078125,442800.0
2024-02-05 03:45:00,21921.05078125,21964.30078125,21726.94921875,21771.69921875,440800.0
2024-02-06 03:45:00,21825.19921875,21951.400390625,21737.55078125,21929.400390625,371000.0
2024-02-07 03:45:00,22045.05078125,22053.30078125,21860.150390625,21930.5,346300.0
2024-02-08 03:45:00,22009.650390625,22011.05078125,21665.30078125,21717.94921875,491100.0
2024-02-09 03:45:00,21727.0,21804.44921875,21629.900390625,21782.5,349200.0
2024-02-12 03:45:00,21800.80078125,21831.69921875,21574.75,21616.05078125,287400.0
2024-02-13 03:45:00,21664.30078125,21766.80078125,21543.349609375,21743.25,365800.0
2024-02-14 03:45:00,21578.150390625,21870.849609375,21530.19921875,21840.05078125,359100.0
2024-02-15 03:45:00,21906.55078125,21953.849609375,21794.80078125,21910.75,345400.0
2024-02-16 03:45:00,22020.30078125,22068.650390625,21968.94921875,22040.69921875,343900.0
2024-02-19 03:45:00,22103.44921875,22186.650390625,22021.05078125,22122.25,0.0
2024-02-20 03:45:00,22099.19921875,22215.599609375,22045.849609375,22196.94921875,295700.0
2024-02-21 03:45:00,22248.849609375,22249.400390625,21997.94921875,22055.05078125,364500.0
2024-02-22 03:45:00,22081.55078125,22252.5,21875.25,22217.44921875,343500.0
2024-02-23 03:45:00,22290.0,22297.5,22186.099609375,22212.69921875,226000.0
2024-02-26 03:45:00,22169.19921875,22202.150390625,22075.150390625,22122.05078125,207800.0
2024-02-27 03:45:00,22090.19921875,22218.25,22085.650390625,22198.349609375,252200.0
2024-02-28 03:45:00,22214.099609375,22229.150390625,21915.849609375,21951.150390625,203000.0
2024-02-29 03:45:00,21935.19921875,22060.55078125,21860.650390625,21982.80078125,360200.0
2024-03-01 03:45:00,22048.30078125,22353.30078125,22047.75,22338.75,351500.0
2024-03-04 03:45:00,22403.5,22440.900390625,22358.30078125,22405.599609375,298800.0
2024-03-05 03:45:00,22371.25,22416.900390625,22269.150390625,22356.30078125,296200.0
2024-03-06 03:45:00,22327.5,22497.19921875,22224.349609375,22474.05078125,312300.0
2024-03-07 03:45:00,22505.30078125,22525.650390625,22430.0,22493.55078125,379900.0
2024-03-11 03:45:00,22517.5,22526.599609375,22307.25,22332.650390625,277900.0
2024-03-12 03:45:00,22334.44921875,22452.55078125,22256.0,22335.69921875,299200.0
2024-03-13 03:45:00,22432.19921875,22446.75,21905.650390625,21997.69921875,493300.0
2024-03-14 03:45:00,21982.55078125,22204.599609375,21917.5,22146.650390625,426700.0
2024-03-15 03:45:00,22064.849609375,22120.900390625,21931.69921875,22023.349609375,661500.0
2024-03-18 03:45:00,21990.099609375,22123.69921875,21916.55078125,22055.69921875,356300.0
2024-03-19 03:45:00,21946.44921875,21978.30078125,21793.099609375,21817.44921875,344200.0
2024-03-20 03:45:00,21843.900390625,21930.900390625,21710.19921875,21839.099609375,312400.0
2024-03-21 03:45:00,21989.900390625,22080.94921875,21941.30078125,22011.94921875,353200.0
2024-03-22 03:45:00,21932.19921875,22180.69921875,21883.30078125,22096.75,388700.0
2024-03-26 03:45:00,21947.900390625,22073.19921875,21947.55078125,22004.69921875,328400.0
2024-03-27 03:45:00,22053.94921875,22193.599609375,22052.849609375,22123.650390625,409100.0
2024-03-28 03:45:00,22163.599609375,22516.0,22163.599609375,22326.900390625,410500.0
2024-04-01 03:45:00,22455.0,22529.94921875,22427.75,22462.0,0.0
2024-04-02 03:45:00,22458.80078125,22497.599609375,22388.150390625,22453.30078125,289500.0
2024-04-03 03:45:00,22385.69921875,22521.099609375,22346.5,22434.650390625,309600.0
2024-04-04 03:45:00,22592.099609375,22619.0,22303.80078125,22514.650390625,401000.0
2024-04-05 03:45:00,22486.400390625,22537.599609375,22427.599609375,22513.69921875,242200.0
2024-04-08 03:45:00,22578.349609375,22697.30078125,22550.349609375,22666.30078125,227600.0
2024-04-09 03:45:00,22765.099609375,22768.400390625,22612.25,22642.75,232400.0
2024-04-10 03:45:00,22720.25,22775.69921875,22673.69921875,22753.80078125,276800.0
2024-04-12 03:45:00,22677.400390625,22726.44921875,22503.75,22519.400390625,357200.0
2024-04-15 03:45:00,22339.05078125,22427.44921875,22259.55078125,22272.5,355500.0
2024-04-16 03:45:00,22125.30078125,22213.75,22079.44921875,22147.900390625,317300.0
2024-04-18 03:45:00,22212.349609375,22326.5,21961.69921875,21995.849609375,456900.0
2024-04-19 03:45:00,21861.5,22179.55078125,21777.650390625,22147.0,362500.0
2024-04-22 03:45:00,22336.900390625,22375.650390625,22198.150390625,22336.400390625,279300.0
2024-04-23 03:45:00,22447.05078125,22447.55078125,22349.44921875,22368.0,231500.0
2024-04-24 03:45:00,22421.55078125,22476.44921875,22384.0,22402.400390625,235900.0
2024-04-25 03:45:00,22316.900390625,22625.94921875,22305.25,22570.349609375,475000.0
2024-04-26 03:45:00,22620.400390625,22620.400390625,22385.55078125,22419.94921875,329900.0
2024-04-29 03:45:00,22475.55078125,22655.80078125,22441.900390625,22643.400390625,292000.0
2024-04-30 03:45:00,22679.650390625,22783.349609375,22568.400390625,22604.849609375,361900.0
2024-05-02 03:45:00,22567.849609375,22710.5,22567.849609375,22648.19921875,445900.0
2024-05-03 03:45:00,22766.349609375,22794.69921875,22348.05078125,22475.849609375,438100.0
2024-05-06 03:45:00,22561.599609375,22588.80078125,22409.44921875,22442.69921875,320300.0
2024-05-07 03:45:00,22489.75,22499.05078125,22232.05078125,22302.5,297800.0
2024-05-08 03:45:00,22231.19921875,22368.650390625,22185.19921875,22302.5,277400.0
2024-05-09 03:45:00,22224.80078125,22307.75,21932.400390625,21957.5,331300.0
2024-05-10 03:45:00,21990.94921875,22131.30078125,21950.30078125,22055.19921875,265800.0
2024-05-13 03:45:00,22027.94921875,22131.650390625,21821.05078125,22104.05078125,278200.0
2024-05-14 03:45:00,22112.900390625,22270.05078125,22081.25,22217.849609375,230200.0
2024-05-15 03:45:00,22255.599609375,22297.55078125,22151.75,22200.55078125,231900.0
2024-05-16 03:45:00,22319.19921875,22432.25,22054.55078125,22403.849609375,368900.0
2024-05-17 03:45:00,22415.25,22502.150390625,22345.650390625,22466.099609375,242700.0
2024-05-21 03:45:00,22404.55078125,22591.099609375,22404.55078125,22529.05078125,347600.0
2024-05-22 03:45:00,22576.599609375,22629.5,22483.150390625,22597.80078125,290300.0
2024-05-23 03:45:00,22614.099609375,22993.599609375,22577.44921875,22967.650390625,369800.0
2024-05-24 03:45:00,22930.75,23026.400390625,22908.0,22957.099609375,261900.0
2024-05-27 03:45:00,23038.94921875,23110.80078125,22871.19921875,22932.44921875,260000.0
2024-05-28 03:45:00,22977.150390625,22998.55078125,22858.5,22888.150390625,217900.0
2024-05-29 03:45:00,22762.75,22825.5,22685.44921875,22704.69921875,269900.0
2024-05-30 03:45:00,22617.44921875,22705.75,22417.0,22488.650390625,373400.0
2024-05-31 03:45:00,22568.099609375,22653.75,22465.099609375,22530.69921875,572100.0
2024-06-03 03:45:00,23337.900390625,23338.69921875,23062.30078125,23263.900390625,569400.0
2024-06-04 03:45:00,23179.5,23179.5,21281.44921875,21884.5,1006100.0
2024-06-05 03:45:00,22128.349609375,22670.400390625,21791.94921875,22620.349609375,638500.0
2024-06-06 03:45:00,22798.599609375,22910.150390625,22642.599609375,22821.400390625,480400.0
2024-06-07 03:45:00,22821.849609375,23320.19921875,22789.05078125,23290.150390625,473600.0
2024-06-10 03:45:00,23319.150390625,23411.900390625,23227.150390625,23259.19921875,304400.0
2024-06-11 03:45:00,23283.75,23389.44921875,23206.650390625,23264.849609375,305200.0
2024-06-12 03:45:00,23344.44921875,23441.94921875,23295.94921875,23322.94921875,295600.0
2024-06-13 03:45:00,23480.94921875,23481.05078125,23353.900390625,23398.900390625,268300.0
2024-06-14 03:45:00,23464.94921875,23490.400390625,23334.25,23465.599609375,223100.0
2024-06-18 03:45:00,23570.80078125,23579.05078125,23499.69921875,23557.900390625,272200.0
2024-06-19 03:45:00,23629.849609375,23664.0,23412.900390625,23516.0,328800.0
2024-06-20 03:45:00,23586.150390625,23624.0,23442.599609375,23567.0,280300.0
2024-06-21 03:45:00,23661.150390625,23667.099609375,23398.19921875,23501.099609375,609900.0
2024-06-24 03:45:00,23382.30078125,23558.099609375,23350.0,23537.849609375,239400.0
2024-06-25 03:45:00,23577.099609375,23754.150390625,23562.05078125,23721.30078125,298100.0
2024-06-26 03:45:00,23723.099609375,23889.900390625,23670.44921875,23868.80078125,287800.0
2024-06-27 03:45:00,23881.55078125,24087.44921875,23805.400390625,24044.5,515200.0
2024-06-28 03:45:00,24085.900390625,24174.0,23985.80078125,24010.599609375,354800.0
2024-07-01 03:45:00,23992.94921875,24164.0,23992.69921875,24141.94921875,0.0
2024-07-02 03:45:00,24228.75,24236.349609375,24056.400390625,24123.849609375,0.0
2024-07-03 03:45:00,24291.75,24309.150390625,24207.099609375,24286.5,0.0
2024-07-04 03:45:00,24369.94921875,24401.0,24281.0,24302.150390625,251200.0
2024-07-05 03:45:00,24213.349609375,24363.0,24168.849609375,24323.849609375,298400.0
2024-07-08 03:45:00,24329.44921875,24344.599609375,24240.55078125,24320.55078125,266300.0
2024-07-09 03:45:00,24351.0,24443.599609375,24331.900390625,24433.19921875,250500.0
2024-07-10 03:45:00,24459.849609375,24461.05078125,24141.80078125,24324.44921875,292300.0
2024-07-11 03:45:00,24396.55078125,24402.650390625,24193.75,24315.94921875,306400.0
2024-07-12 03:45:00,24387.94921875,24592.19921875,24331.150390625,24502.150390625,325800.0
2024-07-15 03:45:00,24587.599609375,24635.05078125,24522.75,24586.69921875,305400.0
2024-07-16 03:45:00,24615.900390625,24661.25,24587.650390625,24613.0,283200.0
2024-07-18 03:45:00,24543.80078125,24837.75,24504.44921875,24800.849609375,350900.0
2024-07-19 03:45:00,24853.80078125,24854.80078125,24508.150390625,24530.900390625,343800.0
2024-07-22 03:45:00,24445.75,24595.19921875,24362.30078125,24509.25,324200.0
2024-07-23 03:45:00,24568.900390625,24582.55078125,24074.19921875,24479.05078125,436400.0
2024-07-24 03:45:00,24444.94921875,24504.25,24307.25,24413.5,366600.0
2024-07-25 03:45:00,24230.94921875,24426.150390625,24210.80078125,24406.099609375,391800.0
2024-07-26 03:45:00,24423.349609375,24861.150390625,24410.900390625,24834.849609375,383800.0
2024-07-29 03:45:00,24943.30078125,24999.75,24774.599609375,24836.099609375,355000.0
2024-07-30 03:45:00,24839.400390625,24971.75,24798.650390625,24857.30078125,385000.0
2024-07-31 03:45:00,24886.69921875,24984.599609375,24856.5,24951.150390625,333600.0
2024-08-01 03:45:00,25030.94921875,25078.30078125,24956.400390625,25010.900390625,431300.0
2024-08-02 03:45:00,24789.0,24851.900390625,24686.849609375,24717.69921875,345000.0
2024-08-05 03:45:00,24302.849609375,24350.05078125,23893.69921875,24055.599609375,487000.0
2024-08-06 03:45:00,24189.849609375,24382.599609375,23960.400390625,23992.55078125,312300.0
2024-08-07 03:45:00,24289.400390625,24337.69921875,24184.900390625,24297.5,317600.0
2024-08-08 03:45:00,24248.55078125,24340.5,24079.69921875,24117.0,311900.0
2024-08-09 03:45:00,24386.849609375,24419.75,24311.19921875,24367.5,215100.0
2024-08-12 03:45:00,24320.05078125,24472.80078125,24212.099609375,24347.0,279900.0
2024-08-13 03:45:00,24342.349609375,24359.94921875,24116.5,24139.0,239700.0
2024-08-14 03:45:00,24184.400390625,24196.5,24099.69921875,24143.75,303300.0
2024-08-16 03:45:00,24334.849609375,24563.900390625,24204.5,24541.150390625,271600.0
2024-08-19 03:45:00,24636.349609375,24638.80078125,24522.94921875,24572.650390625,243600.0
2024-08-20 03:45:00,24648.900390625,24734.30078125,24607.19921875,24698.849609375,238300.0
2024-08-21 03:45:00,24680.55078125,24787.94921875,24654.5,24770.19921875,257100.0
2024-08-22 03:45:00,24863.400390625,24867.349609375,24784.44921875,24811.5,220300.0
2024-08-23 03:45:00,24845.400390625,24858.400390625,24771.650390625,24823.150390625,206800.0
2024-08-26 03:45:00,24906.099609375,25043.80078125,24874.69921875,25010.599609375,210300.0
2024-08-27 03:45:00,25024.80078125,25073.099609375,24973.650390625,25017.75,223300.0
2024-08-28 03:45:00,25030.80078125,25129.599609375,24964.650390625,25052.349609375,220400.0
2024-08-29 03:45:00,25035.30078125,25192.900390625,24998.5,25151.94921875,354000.0
2024-08-30 03:45:00,25249.69921875,25268.349609375,25199.400390625,25235.900390625,638200.0
2024-09-02 03:45:00,25333.599609375,25333.650390625,25235.5,25278.69921875,222800.0
2024-09-03 03:45:00,25313.400390625,25321.69921875,25235.80078125,25279.849609375,212100.0
2024-09-04 03:45:00,25089.94921875,25216.0,25083.80078125,25198.69921875,253800.0
2024-09-05 03:45:00,25250.5,25275.44921875,25127.75,25145.099609375,222200.0
2024-09-06 03:45:00,25093.69921875,25168.75,24801.30078125,24852.150390625,311700.0
2024-09-09 03:45:00,24823.400390625,24957.5,24753.150390625,24936.400390625,254400.0
2024-09-10 03:45:00,24999.400390625,25130.5,24896.80078125,25041.099609375,251300.0
2024-09-11 03:45:00,25034.0,25113.69921875,24885.150390625,24918.44921875,279200.0
2024-09-12 03:45:00,25059.650390625,25433.349609375,24941.44921875,25388.900390625,380100.0
2024-09-13 03:45:00,25430.44921875,25430.5,25292.44921875,25356.5,250800.0
2024-09-16 03:45:00,25406.650390625,25445.69921875,25336.19921875,25383.75,168700.0
2024-09-17 03:45:00,25416.900390625,25441.650390625,25352.25,25418.55078125,216000.0
2024-09-18 03:45:00,25402.400390625,25482.19921875,25285.55078125,25377.55078125,215700.0
2024-09-19 03:45:00,25487.05078125,25611.94921875,25376.05078125,25415.80078125,314500.0
2024-09-20 03:45:00,25525.94921875,25849.25,25426.599609375,25790.94921875,533100.0
2024-09-23 03:45:00,25872.55078125,25956.0,25847.349609375,25939.05078125,209200.0
2024-09-24 03:45:00,25921.44921875,26011.55078125,25886.849609375,25940.400390625,384100.0
2024-09-25 03:45:00,25899.44921875,26032.80078125,25871.349609375,26004.150390625,278500.0
2024-09-26 03:45:00,26005.400390625,26250.900390625,25998.400390625,26216.05078125,370900.0
2024-09-27 03:45:00,26248.25,26277.349609375,26151.400390625,26178.94921875,490300.0
2024-09-30 03:45:00,26061.30078125,26134.69921875,25794.099609375,25810.849609375,343100.0
2024-10-01 03:45:00,25788.44921875,25907.599609375,25739.19921875,25796.900390625,247400.0
2024-10-03 03:45:00,25452.849609375,25639.44921875,25230.30078125,25250.099609375,423400.0
2024-10-04 03:45:00,25181.900390625,25485.05078125,24966.80078125,25014.599609375,374900.0
2024-10-07 03:45:00,25084.099609375,25143.0,24694.349609375,24795.75,374300.0
2024-10-08 03:45:00,24832.19921875,25044.0,24756.80078125,25013.150390625,333200.0
2024-10-09 03:45:00,25065.80078125,25234.05078125,24947.69921875,24981.94921875,290600.0
2024-10-10 03:45:00,25067.05078125,25134.05078125,24979.400390625,24998.44921875,261400.0
2024-10-11 03:45:00,24985.30078125,25028.650390625,24920.05078125,24964.25,210500.0
2024-10-14 03:45:00,25023.44921875,25159.75,25017.5,25127.94921875,206400.0
2024-10-15 03:45:00,25186.30078125,25212.05078125,25008.150390625,25057.349609375,257200.0
2024-10-16 03:45:00,25008.55078125,25093.400390625,24908.44921875,24971.30078125,226800.0
2024-10-17 03:45:00,25027.400390625,25029.5,24728.900390625,24749.849609375,252800.0
2024-10-18 03:45:00,24664.94921875,24886.19921875,24567.650390625,24854.05078125,290900.0
2024-10-21 03:45:00,24956.150390625,24978.30078125,24679.599609375,24781.099609375,242000.0
2024-10-22 03:45:00,24798.650390625,24882.0,24445.80078125,24472.099609375,279500.0
2024-10-23 03:45:00,24378.150390625,24604.25,24378.099609375,24435.5,284600.0
2024-10-24 03:45:00,24412.69921875,24480.650390625,24341.19921875,24399.400390625,216700.0
2024-10-25 03:45:00,24418.05078125,24440.25,24073.900390625,24180.80078125,372600.0
2024-10-28 03:45:00,24251.099609375,24492.599609375,24134.900390625,24339.150390625,278600.0
2024-10-29 03:45:00,24328.849609375,24484.5,24140.849609375,24466.849609375,332000.0
2024-10-30 03:45:00,24371.44921875,24498.19921875,24307.30078125,24340.849609375,285200.0
2024-10-31 03:45:00,24349.849609375,24372.44921875,24172.599609375,24205.349609375,287000.0
2024-11-01 03:45:00,24302.75,24368.25,24280.19921875,24304.349609375,38800.0
2024-11-04 03:45:00,24315.75,24316.75,23816.150390625,23995.349609375,285500.0
2024-11-05 03:45:00,23916.5,24229.05078125,23842.75,24213.30078125,289500.0
2024-11-06 03:45:00,24308.75,24537.599609375,24204.05078125,24484.05078125,351100.0
2024-11-07 03:45:00,24489.599609375,24503.349609375,24179.05078125,24199.349609375,322200.0
2024-11-08 03:45:00,24207.69921875,24276.150390625,24066.650390625,24148.19921875,298700.0
2024-11-11 03:45:00,24087.25,24336.80078125,24004.599609375,24141.30078125,273400.0
2024-11-12 03:45:00,24225.80078125,24242.0,23839.150390625,23883.44921875,255800.0
2024-11-13 03:45:00,23822.44921875,23873.599609375,23509.599609375,23559.05078125,304600.0
2024-11-14 03:45:00,23542.150390625,23675.900390625,23484.150390625,23532.69921875,257700.0
2024-11-18 03:45:00,23605.30078125,23606.80078125,23350.400390625,23453.80078125,263300.0
2024-11-19 03:45:00,23529.55078125,23780.650390625,23464.80078125,23518.5,297500.0
2024-11-21 03:45:00,23488.44921875,23507.30078125,23263.150390625,23349.900390625,420300.0
2024-11-22 03:45:00,23411.80078125,23956.099609375,23359.0,23907.25,367600.0
2024-11-25 03:45:00,24253.55078125,24351.55078125,24135.44921875,24221.900390625,687200.0
2024-11-26 03:45:00,24343.30078125,24343.30078125,24125.400390625,24194.5,230700.0
2024-11-27 03:45:00,24204.80078125,24354.55078125,24145.650390625,24274.900390625,295000.0
2024-11-28 03:45:00,24274.150390625,24345.75,23873.349609375,23914.150390625,366700.0
2024-11-29 03:45:00,23927.150390625,24188.44921875,23927.150390625,24131.099609375,282100.0
2024-12-02 03:45:00,24140.849609375,24301.69921875,24008.650390625,24276.05078125,220400.0
2024-12-03 03:45:00,24367.5,24481.349609375,24280.0,24457.150390625,339500.0
2024-12-04 03:45:00,24488.75,24573.19921875,24366.30078125,24467.44921875,348000.0
2024-12-05 03:45:00,24539.150390625,24857.75,24295.55078125,24708.400390625,361500.0
2024-12-06 03:45:00,24729.44921875,24751.05078125,24620.5,24677.80078125,226700.0
2024-12-09 03:45:00,24633.900390625,24705.0,24580.05078125,24619.0,248100.0
2024-12-10 03:45:00,24652.650390625,24677.80078125,24510.650390625,24610.05078125,261000.0
2024-12-11 03:45:00,24620.5,24691.75,24583.849609375,24641.80078125,187300.0
2024-12-12 03:45:00,24604.44921875,24675.25,24527.94921875,24548.69921875,266100.0
2024-12-13 03:45:00,24498.349609375,24792.30078125,24180.80078125,24768.30078125,310100.0
2024-12-16 03:45:00,24753.400390625,24781.25,24601.75,24668.25,187600.0
2024-12-17 03:45:00,24584.80078125,24624.099609375,24303.44921875,24336.0,264900.0
2024-12-18 03:45:00,24297.94921875,24394.44921875,24149.849609375,24198.849609375,235300.0
2024-12-19 03:45:00,23877.150390625,24004.900390625,23870.30078125,23951.69921875,271100.0
2024-12-20 03:45:00,23960.69921875,24065.80078125,23537.349609375,23587.5,442700.0
2024-12-23 03:45:00,23738.19921875,23869.55078125,23647.19921875,23753.44921875,189800.0
2024-12-24 03:45:00,23769.099609375,23867.650390625,23685.150390625,23727.650390625,177700.0
2024-12-26 03:45:00,23775.80078125,23854.5,23653.599609375,23750.19921875,177700.0
2024-12-27 03:45:00,23801.400390625,23938.849609375,23800.599609375,23813.400390625,176800.0
2024-12-30 03:45:00,23796.900390625,23915.349609375,23599.30078125,23644.900390625,364900.0
2024-12-31 03:45:00,23560.599609375,23689.849609375,23460.44921875,23644.80078125,193600.0
2025-01-01 03:45:00,23637.650390625,23822.80078125,23562.80078125,23742.900390625,154900.0
2025-01-02 03:45:00,23783.0,24226.69921875,23751.55078125,24188.650390625,283200.0
2025-01-03 03:45:00,24196.400390625,24196.44921875,23976.0,24004.75,312300.0
2025-01-06 03:45:00,24045.80078125,24089.94921875,23551.900390625,23616.05078125,278100.0
2025-01-07 03:45:00,23679.900390625,23795.19921875,23637.80078125,23707.900390625,262300.0
2025-01-08 03:45:00,23746.650390625,23751.849609375,23496.150390625,23688.94921875,266400.0
2025-01-09 03:45:00,23674.75,23689.5,23503.05078125,23526.5,269200.0
2025-01-10 03:45:00,23551.900390625,23596.599609375,23344.349609375,23431.5,261000.0
2025-01-13 03:45:00,23195.400390625,23340.94921875,23047.25,23085.94921875,316500.0
2025-01-14 03:45:00,23165.900390625,23264.94921875,23134.150390625,23176.05078125,311200.0
2025-01-15 03:45:00,23250.44921875,23293.650390625,23146.44921875,23213.19921875,228000.0
2025-01-16 03:45:00,23377.25,23391.650390625,23272.05078125,23311.80078125,299400.0
2025-01-17 03:45:00,23277.099609375,23292.099609375,23100.349609375,23203.19921875,272900.0
2025-01-20 03:45:00,23290.400390625,23391.099609375,23170.650390625,23344.75,301500.0
2025-01-21 03:45:00,23421.650390625,23426.30078125,22976.849609375,23024.650390625,312900.0
2025-01-22 03:45:00,23099.150390625,23169.55078125,22981.30078125,23155.349609375,276000.0
2025-01-23 03:45:00,23128.30078125,23270.80078125,23090.650390625,23205.349609375,275600.0
2025-01-24 03:45:00,23183.900390625,23347.30078125,23050.0,23092.19921875,264300.0
2025-01-27 03:45:00,22940.150390625,23007.44921875,22786.900390625,22829.150390625,257400.0
2025-01-28 03:45:00,22960.44921875,23137.94921875,22857.650390625,22957.25,361900.0
2025-01-29 03:45:00,23026.75,23183.349609375,22976.5,23163.099609375,226300.0
2025-01-30 03:45:00,23169.5,23322.05078125,23139.19921875,23249.5,361900.0
2025-01-31 03:45:00,23296.75,23546.80078125,23277.400390625,23508.400390625,304900.0
2025-02-01 03:45:00,23528.599609375,23632.44921875,23318.30078125,23482.150390625,281000.0
2025-02-03 03:45:00,23319.349609375,23381.599609375,23222.0,23361.05078125,329700.0
2025-02-04 03:45:00,23509.900390625,23762.75,23423.150390625,23739.25,376700.0
2025-02-05 03:45:00,23801.75,23807.30078125,23680.44921875,23696.30078125,267000.0
2025-02-06 03:45:00,23761.94921875,23773.55078125,23556.25,23603.349609375,307000.0
2025-02-07 03:45:00,23649.5,23694.5,23443.19921875,23559.94921875,368100.0
2025-02-10 03:45:00,23543.80078125,23568.599609375,23316.30078125,23381.599609375,234200.0
2025-02-11 03:45:00,23383.55078125,23390.05078125,22986.650390625,23071.80078125,268000.0
2025-02-12 03:45:00,23050.80078125,23144.69921875,22798.349609375,23045.25,279700.0
2025-02-13 03:45:00,23055.75,23235.5,22992.19921875,23031.400390625,265700.0
2025-02-14 03:45:00,23096.44921875,23133.69921875,22774.849609375,22929.25,254500.0
2025-02-17 03:45:00,22809.900390625,22974.19921875,22725.44921875,22959.5,207400.0
2025-02-18 03:45:00,22963.650390625,22992.5,22801.5,22945.30078125,210600.0
2025-02-19 03:45:00,22847.25,23049.94921875,22814.849609375,22932.900390625,207000.0
2025-02-20 03:45:00,22821.099609375,22923.849609375,22812.75,22913.150390625,240800.0
2025-02-21 03:45:00,22857.19921875,22921.0,22720.30078125,22795.900390625,242800.0
2025-02-24 03:45:00,22609.349609375,22668.05078125,22518.80078125,22553.349609375,214300.0
2025-02-25 03:45:00,22516.44921875,22625.30078125,22513.900390625,22547.55078125,250300.0
2025-02-27 03:45:00,22568.94921875,22613.30078125,22508.400390625,22545.05078125,289200.0
2025-02-28 03:45:00,22433.400390625,22450.349609375,22104.849609375,22124.69921875,551300.0
2025-03-03 03:45:00,22194.55078125,22261.55078125,22004.69921875,22119.30078125,282400.0
2025-03-04 03:45:00,21974.44921875,22105.05078125,21964.599609375,22082.650390625,253300.0
2025-03-05 03:45:00,22073.05078125,22394.900390625,22067.80078125,22337.30078125,305900.0
2025-03-06 03:45:00,22476.349609375,22556.44921875,22245.849609375,22544.69921875,372100.0
2025-03-07 03:45:00,22508.650390625,22633.80078125,22464.75,22552.5,289800.0
2025-03-10 03:45:00,22521.849609375,22676.75,22429.05078125,22460.30078125,293900.0
2025-03-11 03:45:00,22345.94921875,22522.099609375,22314.69921875,22497.900390625,347900.0
2025-03-12 03:45:00,22536.349609375,22577.400390625,22329.55078125,22470.5,369700.0
2025-03-13 03:45:00,22541.5,22558.05078125,22377.349609375,22397.19921875,287500.0
2025-03-17 03:45:00,22353.150390625,22577.0,22353.150390625,22508.75,251100.0
2025-03-18 03:45:00,22662.25,22857.80078125,22599.19921875,22834.30078125,272600.0
2025-03-19 03:45:00,22874.94921875,22940.69921875,22807.94921875,22907.599609375,324000.0
2025-03-20 03:45:00,23036.599609375,23216.69921875,22973.94921875,23190.650390625,313700.0
2025-03-21 03:45:00,23168.25,23402.69921875,23132.80078125,23350.400390625,541000.0
2025-03-24 03:45:00,23515.400390625,23708.75,23433.5,23658.349609375,311900.0
2025-03-25 03:45:00,23751.5,23869.599609375,23601.400390625,23668.650390625,338200.0
2025-03-26 03:45:00,23700.94921875,23736.5,23451.69921875,23486.849609375,278600.0
2025-03-27 03:45:00,23433.94921875,23646.44921875,23412.19921875,23591.94921875,510300.0
2025-03-28 03:45:00,23600.400390625,23649.19921875,23450.19921875,23519.349609375,295400.0
2025-04-01 03:45:00,23341.099609375,23565.150390625,23136.400390625,23165.69921875,314300.0
2025-04-02 03:45:00,23192.599609375,23350.0,23158.44921875,23332.349609375,341000.0
2025-04-03 03:45:00,23150.30078125,23306.5,23145.80078125,23250.099609375,283200.0
2025-04-04 03:45:00,23190.400390625,23214.69921875,22857.44921875,22904.44921875,466800.0
2025-04-07 03:45:00,21758.400390625,22254.0,21743.650390625,22161.599609375,647100.0
2025-04-08 03:45:00,22446.75,22697.19921875,22270.849609375,22535.849609375,468300.0
2025-04-09 03:45:00,22460.30078125,22468.69921875,22353.25,22399.150390625,383800.0
2025-04-11 03:45:00,22695.400390625,22923.900390625,22695.400390625,22828.55078125,402200.0
2025-04-15 03:45:00,23368.349609375,23368.349609375,23207.0,23328.55078125,388300.0
2025-04-16 03:45:00,23344.099609375,23452.19921875,23273.05078125,23437.19921875,348400.0
2025-04-17 03:45:00,23401.849609375,23872.349609375,23298.55078125,23851.650390625,505300.0
2025-04-21 03:45:00,23949.150390625,24189.55078125,23903.650390625,24125.55078125,406100.0
2025-04-22 03:45:00,24185.400390625,24242.599609375,24072.0,24167.25,440900.0
2025-04-23 03:45:00,24357.599609375,24359.30078125,24119.94921875,24328.94921875,415000.0
2025-04-24 03:45:00,24277.900390625,24347.849609375,24216.150390625,24246.69921875,358800.0
2025-04-25 03:45:00,24289.0,24365.44921875,23847.849609375,24039.349609375,387700.0
2025-04-28 03:45:00,24070.25,24355.099609375,24054.05078125,24328.5,320500.0
2025-04-29 03:45:00,24370.69921875,24457.650390625,24290.75,24335.94921875,357600.0
2025-04-30 03:45:00,24342.05078125,24396.150390625,24198.75,24334.19921875,424500.0
2025-05-02 03:45:00,24311.900390625,24589.150390625,24238.5,24346.69921875,421100.0
2025-05-05 03:45:00,24419.5,24526.400390625,24400.650390625,24461.150390625,291500.0
2025-05-06 03:45:00,24500.75,24509.650390625,24331.80078125,24379.599609375,302400.0
2025-05-07 03:45:00,24233.30078125,24449.599609375,24220.0,24414.400390625,330100.0
2025-05-08 03:45:00,24431.5,24447.25,24150.19921875,24273.80078125,411400.0
2025-05-09 03:45:00,23935.75,24164.25,23935.75,24008.0,335600.0
2025-05-12 03:45:00,24420.099609375,24944.80078125,24378.849609375,24924.69921875,368700.0
2025-05-13 03:45:00,24864.05078125,24973.80078125,24547.5,24578.349609375,423000.0
2025-05-14 03:45:00,24613.80078125,24767.55078125,24535.55078125,24666.900390625,345500.0
2025-05-15 03:45:00,24694.44921875,25116.25,24494.44921875,25062.099609375,500800.0
2025-05-16 03:45:00,25064.650390625,25070.0,24953.05078125,25019.80078125,432700.0
2025-05-19 03:45:00,25005.349609375,25062.94921875,24916.650390625,24945.44921875,255300.0
2025-05-20 03:45:00,24996.19921875,25010.349609375,24669.69921875,24683.900390625,414800.0
2025-05-21 03:45:00,24744.25,24946.19921875,24685.349609375,24813.44921875,332700.0
2025-05-22 03:45:00,24733.94921875,24737.5,24462.400390625,24609.69921875,403300.0
2025-05-23 03:45:00,24639.5,24909.05078125,24614.05078125,24853.150390625,270500.0
2025-05-26 03:45:00,24919.349609375,25079.19921875,24900.5,25001.150390625,302800.0
2025-05-27 03:45:00,24956.650390625,25062.900390625,24704.099609375,24826.19921875,525700.0
2025-05-28 03:45:00,24832.5,24864.25,24737.05078125,24752.44921875,684400.0
2025-05-29 03:45:00,24825.099609375,24892.599609375,24677.30078125,24833.599609375,345400.0
2025-05-30 03:45:00,24812.599609375,24863.94921875,24717.400390625,24750.69921875,853900.0
2025-06-02 03:45:00,24669.69921875,24754.400390625,24526.150390625,24716.599609375,311100.0
2025-06-03 03:45:00,24786.30078125,24845.099609375,24502.150390625,24542.5,349300.0
2025-06-04 03:45:00,24560.44921875,24644.25,24530.44921875,24620.19921875,280900.0
2025-06-05 03:45:00,24691.19921875,24899.849609375,24613.099609375,24750.900390625,388400.0
2025-06-06 03:45:00,24748.69921875,25029.5,24671.44921875,25003.05078125,335600.0
2025-06-09 03:45:00,25160.099609375,25160.099609375,25077.150390625,25103.19921875,279200.0
2025-06-10 03:45:00,25196.05078125,25199.30078125,25055.44921875,25104.25,307300.0
2025-06-11 03:45:00,25134.150390625,25222.400390625,25081.30078125,25141.400390625,301200.0
2025-06-12 03:45:00,25164.44921875,25196.19921875,24825.900390625,24888.19921875,328300.0
2025-06-13 03:45:00,24473.0,24754.349609375,24473.0,24718.599609375,318700.0
2025-06-16 03:45:00,24732.349609375,24967.099609375,24703.599609375,24946.5,305800.0
2025-06-17 03:45:00,24977.849609375,24982.05078125,24813.69921875,24853.400390625,242400.0
2025-06-18 03:45:00,24788.349609375,24947.55078125,24750.44921875,24812.05078125,237600.0
2025-06-19 03:45:00,24803.25,24863.099609375,24733.400390625,24793.25,274600.0
2025-06-20 03:45:00,24787.650390625,25136.19921875,24783.650390625,25112.400390625,574700.0
2025-06-23 03:45:00,24939.75,25057.0,24824.849609375,24971.900390625,248500.0
2025-06-24 03:45:00,25179.900390625,25317.69921875,24999.69921875,25044.349609375,450200.0
2025-06-25 03:45:00,25150.349609375,25266.80078125,25125.05078125,25244.75,260600.0
2025-06-26 03:45:00,25268.94921875,25565.30078125,25259.900390625,25549.0,428900.0
2025-06-27 03:45:00,25576.650390625,25654.19921875,25523.55078125,25637.80078125,564000.0
2025-06-30 03:45:00,25661.650390625,25669.349609375,25473.30078125,25517.05078125,271000.0
2025-07-01 03:45:00,25551.349609375,25593.400390625,25501.80078125,25541.80078125,260700.0
2025-07-02 03:45:00,25588.30078125,25608.099609375,25378.75,25453.400390625,309800.0
2025-07-03 03:45:00,25505.099609375,25587.5,25384.349609375,25405.30078125,293400.0
2025-07-04 03:45:00,25428.849609375,25470.25,25331.650390625,25461.0,193500.0
2025-07-07 03:45:00,25450.44921875,25489.80078125,25407.25,25461.30078125,196100.0
2025-07-08 03:45:00,25427.849609375,25548.05078125,25424.150390625,25522.5,210400.0
2025-07-09 03:45:00,25514.599609375,25548.69921875,25424.349609375,25476.099609375,239100.0
2025-07-10 03:45:00,25511.650390625,25524.05078125,25340.44921875,25355.25,219600.0
2025-07-11 03:45:00,25255.5,25322.44921875,25129.0,25149.849609375,250000.0
2025-07-14 03:45:00,25149.5,25151.099609375,25001.94921875,25082.30078125,259500.0
2025-07-15 03:45:00,25089.5,25245.19921875,25088.44921875,25195.80078125,241300.0
2025-07-16 03:45:00,25196.599609375,25255.30078125,25121.05078125,25212.05078125,228800.0
2025-07-17 03:45:00,25230.75,25238.349609375,25101.0,25111.44921875,243400.0
2025-07-18 03:45:00,25108.55078125,25144.599609375,24918.650390625,24968.400390625,317000.0
2025-07-21 03:45:00,24999.0,25111.400390625,24882.30078125,25090.69921875,305200.0
2025-07-22 03:45:00,25166.650390625,25182.0,25035.55078125,25060.900390625,483700.0
2025-07-23 03:45:00,25139.349609375,25233.5,25085.5,25219.900390625,271500.0
2025-07-24 03:45:00,25243.30078125,25246.25,25018.69921875,25062.099609375,338700.0
2025-07-25 03:45:00,25010.349609375,25010.349609375,24806.349609375,24837.0,278100.0
2025-07-28 03:45:00,24782.44921875,24889.19921875,24646.599609375,24680.900390625,262100.0
2025-07-29 03:45:00,24609.650390625,24847.150390625,24598.599609375,24821.099609375,284700.0
2025-07-30 03:45:00,24890.400390625,24902.30078125,24771.94921875,24855.05078125,243900.0
2025-07-31 03:45:00,24642.25,24956.5,24635.0,24768.349609375,346300.0
2025-08-01 03:45:00,24734.900390625,24784.150390625,24535.05078125,24565.349609375,263400.0
2025-08-04 03:45:00,24596.05078125,24736.25,24554.0,24722.75,259300.0
2025-08-05 03:45:00,24720.25,24733.099609375,24590.30078125,24649.55078125,251800.0
2025-08-06 03:45:00,24641.349609375,24671.400390625,24539.19921875,24574.19921875,225100.0
2025-08-07 03:45:00,24464.19921875,24634.19921875,24344.150390625,24596.150390625,616700.0
2025-08-08 03:45:00,24544.25,24585.5,24337.5,24363.30078125,312600.0
2025-08-11 03:45:00,24371.5,24600.849609375,24347.44921875,24585.05078125,241100.0
2025-08-12 03:45:00,24563.349609375,24702.599609375,24465.650390625,24487.400390625,237000.0
2025-08-13 03:45:00,24586.19921875,24664.55078125,24535.25,24619.349609375,236000.0
2025-08-14 03:45:00,24607.25,24673.650390625,24596.900390625,24631.30078125,270200.0
2025-08-18 03:45:00,24938.19921875,25022.0,24852.849609375,24876.94921875,363100.0
2025-08-19 03:45:00,24891.349609375,25012.650390625,24873.94921875,24980.650390625,252300.0
2025-08-20 03:45:00,24965.80078125,25088.69921875,24929.69921875,25050.55078125,287100.0
2025-08-21 03:45:00,25142.0,25153.650390625,25054.900390625,25083.75,226500.0
2025-08-22 03:45:00,25064.150390625,25084.849609375,24859.150390625,24870.099609375,210200.0
2025-08-25 03:45:00,24949.150390625,25021.55078125,24894.349609375,24967.75,213000.0
2025-08-26 03:45:00,24899.5,24919.650390625,24689.599609375,24712.05078125,750500.0
2025-08-28 03:45:00,24695.80078125,24702.650390625,24481.599609375,24500.900390625,326600.0
2025-08-29 03:45:00,24466.69921875,24572.44921875,24404.69921875,24426.849609375,325500.0
2025-09-01 03:45:00,24432.69921875,24635.599609375,24432.69921875,24625.05078125,229300.0
2025-09-02 03:45:00,24653.0,24756.099609375,24522.349609375,24579.599609375,271600.0
2025-09-03 03:45:00,24616.5,24737.05078125,24533.19921875,24715.05078125,340300.0
2025-09-04 03:45:00,24980.75,24980.75,24708.19921875,24734.30078125,314100.0
2025-09-05 03:45:00,24818.849609375,24832.349609375,24621.599609375,24741.0,210100.0
2025-09-08 03:45:00,24802.599609375,24885.5,24751.55078125,24773.150390625,213200.0
2025-09-09 03:45:00,24864.099609375,24891.80078125,24814.0,24868.599609375,226900.0
2025-09-10 03:45:00,24991.0,25035.69921875,24915.05078125,24973.099609375,244100.0
2025-09-11 03:45:00,24945.5,25037.30078125,24940.150390625,25005.5,224600.0
2025-09-12 03:45:00,25074.44921875,25139.44921875,25038.05078125,25114.0,225700.0
2025-09-15 03:45:00,25118.900390625,25138.44921875,25048.75,25069.19921875,185400.0
2025-09-16 03:45:00,25073.599609375,25261.400390625,25070.44921875,25239.099609375,240100.0
2025-09-17 03:45:00,25276.599609375,25346.5,25275.349609375,25330.25,268900.0
2025-09-18 03:45:00,25441.05078125,25448.94921875,25329.75,25423.599609375,272200.0
2025-09-19 03:45:00,25410.19921875,25428.75,25286.30078125,25327.05078125,380400.0
2025-09-22 03:45:00,25238.099609375,25331.69921875,25151.05078125,25202.349609375,254500.0
2025-09-23 03:45:00,25209.0,25261.900390625,25084.650390625,25169.5,299200.0
2025-09-24 03:45:00,25108.75,25149.849609375,25027.44921875,25056.900390625,244400.0
2025-09-25 03:45:00,25034.5,25092.69921875,24878.30078125,24890.849609375,342500.0
2025-09-26 03:45:00,24818.55078125,24868.599609375,24629.44921875,24654.69921875,291500.0
2025-09-29 03:45:00,24728.55078125,24791.30078125,24606.19921875,24634.900390625,394400.0
2025-09-30 03:45:00,24691.94921875,24731.80078125,24587.69921875,24611.099609375,303000.0
2025-10-01 03:45:00,24620.55078125,24867.94921875,24605.94921875,24836.30078125,308900.0
2025-10-03 03:45:00,24759.55078125,24904.80078125,24747.55078125,24894.25,365900.0
2025-10-06 03:45:00,24916.55078125,25095.94921875,24881.650390625,25077.650390625,268800.0
2025-10-07 03:45:00,25085.30078125,25220.900390625,25076.30078125,25108.30078125,288000.0
2025-10-08 03:45:00,25079.75,25192.5,25008.5,25046.150390625,227400.0
2025-10-09 03:45:00,25074.30078125,25199.25,25024.30078125,25181.80078125,286300.0
2025-10-10 03:45:00,25167.650390625,25330.75,25156.849609375,25285.349609375,232900.0
2025-10-13 03:45:00,25177.30078125,25267.30078125,25152.30078125,25227.349609375,234300.0
2025-10-14 03:45:00,25277.55078125,25310.349609375,25060.55078125,25145.5,292100.0
2025-10-15 03:45:00,25181.94921875,25365.150390625,25159.349609375,25323.55078125,289900.0
2025-10-16 03:45:00,25394.900390625,25625.400390625,25376.849609375,25585.30078125,372800.0
2025-10-17 03:45:00,25546.849609375,25781.5,25508.599609375,25709.849609375,422100.0
2025-10-20 03:45:00,25824.599609375,25926.19921875,25788.5,25843.150390625,301100.0
2025-10-21 03:45:00,25901.19921875,25934.349609375,25825.80078125,25868.599609375,42500.0
2025-10-23 03:45:00,26057.19921875,26104.19921875,25862.44921875,25891.400390625,448400.0
2025-10-24 03:45:00,25935.099609375,25944.150390625,25718.19921875,25795.150390625,284900.0
2025-10-27 03:45:00,25843.19921875,26005.94921875,25827.0,25966.05078125,266300.0
2025-10-28 03:45:00,25939.94921875,26041.69921875,25810.05078125,25936.19921875,395200.0
2025-10-29 03:45:00,25982.0,26097.849609375,25960.30078125,26053.900390625,321900.0
2025-10-30 03:45:00,25984.400390625,26032.05078125,25845.25,25877.849609375,257400.0
2025-10-31 03:45:00,25863.80078125,25953.75,25711.19921875,25722.099609375,334400.0
2025-11-03 03:45:00,25696.849609375,25803.099609375,25645.5,25763.349609375,23300.0
2025-11-04 03:45:00,25744.75,25787.400390625,25578.400390625,25597.650390625,305100.0
2025-11-06 03:45:00,25593.349609375,25679.150390625,25491.55078125,25509.69921875,371900.0
2025-11-07 03:45:00,25433.80078125,25551.25,25318.44921875,25492.30078125,305600.0
2025-11-10 03:45:00,25503.5,25653.44921875,25503.5,25574.349609375,243600.0
2025-11-11 03:45:00,25617.0,25715.80078125,25449.25,25694.94921875,297700.0
2025-11-12 03:45:00,25834.30078125,25934.55078125,25781.150390625,25875.80078125,312600.0
2025-11-13 03:45:00,25906.099609375,26010.69921875,25808.400390625,25879.150390625,385200.0
2025-11-14 03:45:00,25767.900390625,25940.19921875,25740.80078125,25910.05078125,518900.0
2025-11-17 03:45:00,25948.19921875,26024.19921875,25906.349609375,26013.44921875,281800.0
2025-11-18 03:45:00,26021.80078125,26029.849609375,25876.5,25910.05078125,280000.0
2025-11-19 03:45:00,25918.099609375,26074.650390625,25856.19921875,26052.650390625,250100.0
2025-11-20 03:45:00,26132.099609375,26246.650390625,26063.19921875,26192.150390625,240400.0
2025-11-21 03:45:00,26109.55078125,26179.19921875,26052.19921875,26068.150390625,235600.0
2025-11-24 03:45:00,26122.80078125,26142.80078125,25912.150390625,25959.5,464700.0
2025-11-25 03:45:00,25998.5,26032.599609375,25857.5,25884.80078125,260500.0
2025-11-26 03:45:00,25842.94921875,26215.150390625,25842.94921875,26205.30078125,275300.0
2025-11-27 03:45:00,26261.25,26310.44921875,26141.900390625,26215.55078125,240300.0
2025-11-28 03:45:00,26237.44921875,26280.75,26172.400390625,26202.94921875,202500.0
2025-12-01 03:45:00,26325.80078125,26325.80078125,26124.19921875,26175.75,213800.0
2025-12-02 03:45:00,26087.94921875,26154.599609375,25997.849609375,26032.19921875,254800.0
2025-12-03 03:45:00,26004.900390625,26066.44921875,25891.0,25986.0,265700.0
2025-12-04 03:45:00,25981.849609375,26098.25,25938.94921875,26033.75,248100.0
2025-12-05 03:45:00,25999.80078125,26202.599609375,25985.349609375,26186.44921875,249300.0
2025-12-08 03:45:00,26159.80078125,26178.69921875,25892.25,25960.55078125,320700.0
2025-12-09 03:45:00,25867.099609375,25923.650390625,25728.0,25839.650390625,276000.0
2025-12-10 03:45:00,25864.05078125,25947.650390625,25734.55078125,25758.0,207900.0
2025-12-11 03:45:00,25771.400390625,25922.80078125,25693.25,25898.55078125,206100.0
2025-12-12 03:45:00,25971.19921875,26057.599609375,25938.44921875,26046.94921875,216300.0
2025-12-15 03:45:00,25930.05078125,26047.150390625,25904.75,26027.30078125,181600.0
2025-12-16 03:45:00,25951.5,25980.75,25834.349609375,25860.099609375,264400.0
2025-12-17 03:45:00,25902.400390625,25929.150390625,25770.349609375,25818.55078125,206500.0
2025-12-18 03:45:00,25764.69921875,25902.349609375,25726.30078125,25815.55078125,197600.0
2025-12-19 03:45:00,25911.5,25993.349609375,25880.44921875,25966.400390625,382900.0
2025-12-22 03:45:00,26055.849609375,26180.69921875,26047.80078125,26172.400390625,253000.0
2025-12-23 03:45:00,26205.19921875,26233.55078125,26119.05078125,26177.150390625,216600.0
2025-12-24 03:45:00,26170.650390625,26236.400390625,26123.0,26142.099609375,188800.0
2025-12-26 03:45:00,26121.25,26144.19921875,26008.599609375,26042.30078125,142200.0
2025-12-29 03:45:00,26063.349609375,26106.80078125,25920.30078125,25942.099609375,234300.0
2025-12-30 03:45:00,25940.900390625,25976.75,25878.0,25938.849609375,396900.0
2025-12-31 03:45:00,25971.05078125,26187.94921875,25969.0,26129.599609375,246300.0
2026-01-01 03:45:00,26173.30078125,26197.55078125,26113.400390625,26146.55078125,425600.0
2026-01-02 03:45:00,26155.099609375,26340.0,26118.400390625,26328.55078125,357500.0
2026-01-05 03:45:00,26333.69921875,26373.19921875,26210.05078125,26250.30078125,338800.0
2026-01-06 03:45:00,26189.69921875,26273.94921875,26124.75,26178.69921875,383000.0
2026-01-07 03:45:00,26143.099609375,26187.150390625,26067.900390625,26140.75,338200.0
2026-01-08 10:01:00,26106.5,26133.19921875,25858.44921875,25876.849609375,0.0
