date,open,high,low,close,volume
2020-01-01,100.0,100.57929256924842,98.18165096898659,98.87838817056127,4087
2020-01-02,98.87838817056127,100.20764514797244,98.16301345363735,99.53070099424993,2020
2020-01-03,99.53070099424993,100.39529759086182,98.06628559350595,98.28093060762696,2564
2020-01-04,98.28093060762696,98.6864218678501,97.65482953997022,97.78717083364876,5423
2020-01-05,97.78717083364876,98.7106469929657,97.5791185621423,98.07237580772029,8929
2020-01-06,98.07237580772029,98.93101290696212,97.48287638010493,97.58738008886161,6444
2020-01-07,97.58738008886161,97.6328841078243,96.17854786519933,96.94042745002554,9171
2020-01-08,96.94042745002554,98.43006426541513,96.16015706503146,98.22908379379263,3764
2020-01-09,98.22908379379263,99.31578351620023,97.30363722380552,99.25746584408768,7668
2020-01-10,99.25746584408768,100.58520349731113,99.2538974678606,100.56379182086435,1832
2020-01-11,100.56379182086435,101.35877938317398,100.27714711714775,100.3720087747441,1094
2020-01-12,100.3720087747441,101.67554380406959,99.7762414960797,101.39333801095377,4354
2020-01-13,101.39333801095377,102.59702872114399,101.18199891041307,101.61315095407402,3967
2020-01-14,101.61315095407402,102.60481098402951,101.39547322535155,102.21020223871922,8421
2020-01-15,102.21020223871922,102.62440411621871,100.90855410765454,101.88024274623007,3968
2020-01-16,101.88024274623007,102.63637373209765,99.96886313459134,100.55809877697845,7364
2020-01-17,100.55809877697845,101.41408372425667,99.0163336835748,99.35713916184818,7007
2020-01-18,99.35713916184818,100.09542521486787,98.5990777100029,99.17172527703838,3671
2020-01-19,99.17172527703838,99.36408049941019,98.0424116685768,98.41124230452802,1416
2020-01-20,98.41124230452802,99.40541249013577,98.24455815278382,98.40942026009911,5915
2020-01-21,98.40942026009911,99.62358163766919,98.08773039084656,99.41392940084661,3617
2020-01-22,99.41392940084661,99.76336300073238,97.99916581518828,98.55434060704052,8815
2020-01-23,98.55434060704052,99.16897132205821,97.86389574215679,98.05677682798604,3433
2020-01-24,98.05677682798604,101.53654657898073,97.9406868316453,101.06560600706668,8219
2020-01-25,101.06560600706668,101.23467098473158,99.95891287631044,100.61179517276415,5145
2020-01-26,100.61179517276415,101.65807011394732,99.84953174309906,100.82663349251744,5869
2020-01-27,100.82663349251744,101.53022992806217,99.5356578035469,100.05932123970297,1338
2020-01-28,100.05932123970297,100.549026770815,99.13149670092916,100.302736622971,3996
2020-01-29,100.302736622971,100.37537569648832,98.75899806222968,99.17890359707393,9919
2020-01-30,99.17890359707393,100.22460829741084,98.28652890146678,99.38494746826898,7696
2020-01-31,99.38494746826898,99.75907263682116,98.9390701624754,99.5926256683393,2425
2020-02-01,99.5926256683393,101.7795589741166,99.05312622899504,101.23788830503395,2608
2020-02-02,101.23788830503395,101.2743780556018,99.53208197256016,99.88620542311189,3069
2020-02-03,99.88620542311189,100.60809303032592,97.9321524251593,98.43184248745439,1002
2020-02-04,98.43184248745439,99.6665734016445,98.3591384268422,99.29723936552054,3015
2020-02-05,99.29723936552054,99.56901776129895,98.03433645337208,98.77450781800296,9339
2020-02-06,98.77450781800296,100.20876100659382,97.8828898055815,99.23137550966837,6524
2020-02-07,99.23137550966837,100.60311512213319,98.53793860681863,99.7110522108234,7634
2020-02-08,99.7110522108234,100.38736917897461,99.27712438920419,100.08843359602544,6369
2020-02-09,100.08843359602544,100.23475332805019,98.57958005244731,99.20034278575713,6117
2020-02-10,99.20034278575713,99.38561642481217,96.37276693894391,96.80775956283333,1432
2020-02-11,96.80775956283333,98.33849014918556,96.02365502655027,97.58087468351934,5838
2020-02-12,97.58087468351934,97.79870430411484,96.68961413808613,97.33356857944968,7346
2020-02-13,97.33356857944968,98.07628378708229,95.97861769373259,96.9690282541887,6538
2020-02-14,96.9690282541887,97.5150639403888,96.83507388847437,96.96088642951557,9062
2020-02-15,96.96088642951557,98.29440013174747,96.21877763795476,98.05009124783348,4420
2020-02-16,98.05009124783348,98.10143753902334,97.2781934614931,98.09345067480503,8555
2020-02-17,98.09345067480503,99.86011255445905,98.03629432215283,99.09928981627671,5752
2020-02-18,99.09928981627671,99.8639504186583,98.223004382397,99.36201835675399,9583
2020-02-19,99.36201835675399,99.47437138938353,97.53945919963606,98.23244231661913,9310
2020-02-20,98.23244231661913,98.31108132614008,97.66109916204775,98.06626692582246,5524
2020-02-21,98.06626692582246,98.58846908437421,94.67697518906543,95.23435488701062,2965
2020-02-22,95.23435488701062,97.33974456712042,95.02604652986443,96.39368887679885,5277
2020-02-23,96.39368887679885,97.10005307351068,95.74269870659332,96.85713709916777,1361
2020-02-24,96.85713709916777,98.66771308476811,96.51235630437361,97.86728518326943,8953
2020-02-25,97.86728518326943,98.51130321515869,96.98188344611316,98.31773953561714,3499
2020-02-26,98.31773953561714,98.99263302916616,97.29205354195342,97.36617317345821,1428
2020-02-27,97.36617317345821,97.67441592052538,97.05171635403588,97.56405172329066,8208
2020-02-28,97.56405172329066,97.98774282356429,95.94219849318371,96.04727141607317,1131
2020-02-29,96.04727141607317,97.31095056879029,95.60747531356984,96.36088877357041,4265
2020-03-01,96.36088877357041,96.717308426144,94.1974419492064,94.93381863680172,9317
2020-03-02,94.93381863680172,95.76399866910982,94.24781999689034,94.74467881237223,3135
2020-03-03,94.74467881237223,96.00918357290199,94.35031498287191,95.45911131790952,4625
2020-03-04,95.45911131790952,96.70898449243909,94.51435698842792,96.32055225545604,9763
2020-03-05,96.32055225545604,96.95856581564115,95.5857651691388,96.6554889448359,2034
2020-03-06,96.6554889448359,96.91192135078849,95.81983677642044,96.30332324686567,5474
2020-03-07,96.30332324686567,96.5272397454984,93.10782771183739,93.29223341216907,2469
2020-03-08,93.29223341216907,94.72954240595162,92.66465362145512,93.78576377180168,7564
2020-03-09,93.78576377180168,95.36389497331032,92.94293266042055,94.53731958415376,6972
2020-03-10,94.53731958415376,95.57270407068977,94.48240210816293,95.42832017677246,2156
2020-03-11,95.42832017677246,95.90586866973335,94.66176411361302,95.38705998399553,9415
2020-03-12,95.38705998399553,95.52042458379913,95.11232877075317,95.38088573758027,6783
2020-03-13,95.38088573758027,96.60880047765511,94.48855483180738,96.04153286749637,3961
2020-03-14,96.04153286749637,96.41032807306405,94.12822492928366,95.12104687563762,2337
2020-03-15,95.12104687563762,96.07913273843177,94.34140621809078,95.64962393998263,5768
2020-03-16,95.64962393998263,97.30772342649624,95.54847015807468,97.06384263132166,9601
2020-03-17,97.06384263132166,97.46413658949827,96.25380373926924,97.44045325412768,9971
2020-03-18,97.44045325412768,97.85602592581108,97.23500180475708,97.79428316165975,7466
2020-03-19,97.79428316165975,98.4359908604549,96.14596246070343,97.04303325077584,7423
2020-03-20,97.04303325077584,99.30093971178881,96.27455032235339,99.14829474660515,9884
2020-03-21,99.14829474660515,99.45890130250713,98.43737135280642,98.92425471753747,6108
2020-03-22,98.92425471753747,99.60231085574844,98.84055486196708,99.56970372310013,1364
2020-03-23,99.56970372310013,99.92437572980053,99.12367235076077,99.64113386234,1241
2020-03-24,99.64113386234,100.029319515089,97.84266793036659,98.75212380277289,4853
2020-03-25,98.75212380277289,99.61028611979317,98.00620998966683,98.4562554275562,7486
2020-03-26,98.4562554275562,99.07391831843478,97.83519079599708,98.40157611740102,6853
2020-03-27,98.40157611740102,99.40500172656745,97.71094340207561,98.72680474811669,9544
2020-03-28,98.72680474811669,99.0177759085674,98.40544548010274,98.68666010668719,2707
2020-03-29,98.68666010668719,99.36266986331142,96.88874083587098,97.51124937079976,1492
2020-03-30,97.51124937079976,97.88151745660693,95.6306200918278,96.44588033225307,3205
2020-03-31,96.44588033225307,98.05878412390408,95.87944062851885,97.39711801732126,6669
2020-04-01,97.39711801732126,98.71761159607198,96.42083597595855,97.90269489643362,5062
2020-04-02,97.90269489643362,98.88917450869938,97.0800444679495,97.9676524720824,5337
2020-04-03,97.9676524720824,98.77796543760087,96.808248885586,97.522935691686,7995
2020-04-04,97.522935691686,99.60060392234926,97.37588063798366,98.62842630866385,5963
2020-04-05,98.62842630866385,100.12590834524737,98.32157472092331,99.46413912902989,5371
2020-04-06,99.46413912902989,99.69691364656804,99.13194128998441,99.19745927986759,7318
2020-04-07,99.19745927986759,99.62025531414798,97.91211467921026,98.62739195377755,9950
2020-04-08,98.62739195377755,99.54514132806041,97.93940755842407,99.11371300566778,9629
2020-04-09,99.11371300566778,100.8402406904931,98.71684696648097,100.17364209637151,9784
2020-04-10,100.17364209637151,100.32913020254705,99.11371126676733,99.71736538938481,7470
2020-04-11,99.71736538938481,99.72866773372009,98.64617139074703,98.95289166219989,9257
2020-04-12,98.95289166219989,98.99788942335177,98.29948477214856,98.67492504621494,5598
2020-04-13,98.67492504621494,100.66297048726136,97.75647063842415,99.95516912129366,4634
2020-04-14,99.95516912129366,100.24672392800213,99.59869486453464,100.19936059819639,2727
2020-04-15,100.19936059819639,102.4400788233135,99.86578361468787,102.08857196274309,8627
2020-04-16,102.08857196274309,103.22645239675926,101.95008264873066,102.82525613953784,6242
2020-04-17,102.82525613953784,104.04655056390905,102.08732205152748,103.3650423477681,8666
2020-04-18,103.3650423477681,103.73694538271988,101.62709167505841,102.17322469691517,9737
2020-04-19,102.17322469691517,102.71096162222616,100.54090907834748,101.54067729103099,3910
2020-04-20,101.54067729103099,102.40923211816194,101.11513460721365,101.96457413451782,9115
2020-04-21,101.96457413451782,102.62323898004846,101.02037481868557,101.68118773532632,3342
2020-04-22,101.68118773532632,102.8402240843573,101.51684489507362,101.87733608766216,3378
2020-04-23,101.87733608766216,102.28465379891055,100.79360810563296,101.1698746398524,1618
2020-04-24,101.1698746398524,102.355545760423,100.83787728177025,101.45791754026395,5843
2020-04-25,101.45791754026395,102.06856333686713,100.03498625137145,100.56257103767636,2581
2020-04-26,100.56257103767636,101.84031106085337,100.37393607454936,101.38644750331086,2057
2020-04-27,101.38644750331086,102.76042730507325,101.16764762009434,102.21363228725893,9534
2020-04-28,102.21363228725893,102.54339210163657,101.84196108756935,102.00990166451881,2894
2020-04-29,102.00990166451881,103.58951953256383,101.26687947863698,102.98603447865774,2185
2020-04-30,102.98603447865774,104.2759802227211,102.42047865931214,103.42459375115502,2814
2020-05-01,103.42459375115502,105.98069648213298,103.38592421534547,105.03234580558346,8338
2020-05-02,105.03234580558346,106.0422542274229,104.78433472401912,105.26570419383309,7179
2020-05-03,105.26570419383309,105.68391021787966,102.15256790315152,102.68453332830228,7028
2020-05-04,102.68453332830228,103.94127329914406,102.65253068423766,103.55402375149197,5455
2020-05-05,103.55402375149197,103.74756702402122,102.71677574674037,103.68036399821185,8723
2020-05-06,103.68036399821185,104.50004394210026,103.62558089104876,104.41178031951019,9909
2020-05-07,104.41178031951019,104.9154840187059,104.22936119336815,104.57481771428378,6928
2020-05-08,104.57481771428378,105.49357723494022,103.68080986114398,105.15069340366544,2663
2020-05-09,105.15069340366544,107.08591200885765,105.08191164926292,106.08614118270141,3649
2020-05-10,106.08614118270141,106.30854996859655,104.72179456711893,105.14373790172064,7760
2020-05-11,105.14373790172064,106.49248152095646,104.95322113472557,106.35194765286832,1777
2020-05-12,106.35194765286832,106.99302428991683,104.47068308896256,104.94311979195244,8570
2020-05-13,104.94311979195244,105.79791288257341,104.84413381158724,104.97591048299988,5917
2020-05-14,104.97591048299988,105.78540687324478,104.125758921133,104.43056247640607,8231
2020-05-15,104.43056247640607,104.56314487197979,103.85884200531066,103.9611821857943,1786
2020-05-16,103.9611821857943,104.07286585658716,102.7240138751031,103.34929867456098,1191
2020-05-17,103.34929867456098,103.88042609563655,103.16749700857144,103.74800142101441,8402
2020-05-18,103.74800142101441,105.36724041727135,103.10493748270927,104.45660019558304,2879
2020-05-19,104.45660019558304,105.45470063706813,103.54698495787933,105.18483227929458,6609
2020-05-20,105.18483227929458,105.4197739580719,103.36413006809963,104.0497893378894,2352
2020-05-21,104.0497893378894,104.68824114501334,103.39273889942474,103.64757889281564,9824
2020-05-22,103.64757889281564,104.68900758696591,102.97686377655923,104.26573268093274,5425
2020-05-23,104.26573268093274,105.90384144136469,104.12277797922944,104.97465306341807,5105
2020-05-24,104.97465306341807,105.28944392352581,103.26227508325157,104.14035426088743,8992
2020-05-25,104.14035426088743,104.73880629958732,104.05338019508602,104.5320598467358,7363
2020-05-26,104.5320598467358,106.04254422713606,104.05285443675143,105.77671988515041,3579
2020-05-27,105.77671988515041,106.75226727438407,105.37695630295833,105.60170375163796,2112
2020-05-28,105.60170375163796,107.0158128075324,104.91322059854988,106.29070539532772,7445
2020-05-29,106.29070539532772,106.69440007470044,104.91629964583589,105.82511656702701,1642
2020-05-30,105.82511656702701,106.01984952332975,105.1866790884219,105.6042995637204,7866
2020-05-31,105.6042995637204,107.23015365256985,105.18184758996222,106.63115190522959,7102
2020-06-01,106.63115190522959,107.76494402013978,106.37410276495707,107.37313698044903,9287
2020-06-02,107.37313698044903,108.35145280765902,106.47456877178797,108.08973200785499,5336
2020-06-03,108.08973200785499,109.58330437597694,107.67783765382313,108.64159812348754,1312
2020-06-04,108.64159812348754,109.56129586439904,108.52371654424391,109.2843558182734,3224
2020-06-05,109.2843558182734,110.4355630897105,108.64271887211363,109.73870670752784,3327
2020-06-06,109.73870670752784,110.07074526849154,109.23755538796584,109.3176332168446,1638
2020-06-07,109.3176332168446,111.37580725059509,108.45532060025847,110.56102456533705,4436
2020-06-08,110.56102456533705,111.10893664083812,109.48454414934518,109.87970015291509,6771
2020-06-09,109.87970015291509,111.63347933901163,108.95343008906035,110.91924865167809,9211
2020-06-10,110.91924865167809,111.12476915182111,108.56385238289279,109.33855426820325,5163
2020-06-11,109.33855426820325,110.96845692086792,109.16950626077073,110.89906424290729,2013
2020-06-12,110.89906424290729,111.5035635736249,110.03530363869385,110.62772572566404,1364
2020-06-13,110.62772572566404,110.76366648880331,106.76169231238583,107.71839502111011,2635
2020-06-14,107.71839502111011,108.37708141178229,106.63460161563272,107.47602145568894,1953
2020-06-15,107.47602145568894,107.58275491060753,106.76943509165972,107.21396660614508,1412
2020-06-16,107.21396660614508,108.73938307659483,106.91180662148615,108.34745244982527,5594
2020-06-17,108.34745244982527,109.00721542936516,108.11980478669864,108.52573993839067,3372
2020-06-18,108.52573993839067,108.71572401567362,106.75736965941033,107.21599451379912,2046
2020-06-19,107.21599451379912,107.78332289815295,106.06229586105944,107.02438039664395,6935
2020-06-20,107.02438039664395,107.68505420423784,105.01355353148074,105.98387725229216,8265
2020-06-21,105.98387725229216,106.12446102113513,102.8615339851532,103.18409683209683,2008
2020-06-22,103.18409683209683,104.84001068017524,103.04794473044826,103.99869598375486,4211
2020-06-23,103.99869598375486,104.52864844614552,103.4240379757753,104.28169854238438,5704
2020-06-24,104.28169854238438,104.55079091204217,103.31537662776077,103.69954345066179,3107
2020-06-25,103.69954345066179,103.91161230273401,103.185174854346,103.42039279122406,1394
2020-06-26,103.42039279122406,103.7785352774134,102.37500062833968,102.49101028228519,2410
2020-06-27,102.49101028228519,102.7073676695053,100.15828228615351,101.1461666833568,8007
2020-06-28,101.1461666833568,102.46730788009206,100.64361114072403,101.90770941579639,2703
2020-06-29,101.90770941579639,103.34866618528947,101.45450465138461,102.72219535964227,5622
2020-06-30,102.72219535964227,104.28449339837306,102.53315747354351,103.6379086082454,5781
2020-07-01,103.6379086082454,103.72663688271865,102.87511880377373,103.12353129357443,3636
2020-07-02,103.12353129357443,103.64639876323288,101.22571045223037,102.04738250888009,6217
2020-07-03,102.04738250888009,103.92814342615902,101.59045142296323,103.88724133237552,7677
2020-07-04,103.88724133237552,104.35230688950014,103.83082325936871,103.94833328669561,6146
2020-07-05,103.94833328669561,104.29602319515357,102.16015220852277,102.39467236016263,6246
2020-07-06,102.39467236016263,103.10152681900362,101.21188839393446,101.69290349166792,5153
2020-07-07,101.69290349166792,103.50691751820162,100.71999564785713,102.53696074031929,6446
2020-07-08,102.53696074031929,102.74733321349997,101.84278059629534,102.06776844673907,9623
2020-07-09,102.06776844673907,102.60040727610537,100.895050653039,101.85372653038681,4749
2020-07-10,101.85372653038681,101.93388194350541,99.22251504674351,99.78685439609511,9727
2020-07-11,99.78685439609511,99.89103904181312,96.85166178528789,97.66484002409888,8992
2020-07-12,97.66484002409888,97.88184860011485,96.49452365473533,97.4361078344662,7457
2020-07-13,97.4361078344662,97.85855112382018,95.8708568552895,96.85250416486342,7817
2020-07-14,96.85250416486342,97.40449739266047,94.8979137944761,95.63640059327273,4930
2020-07-15,95.63640059327273,96.38339513561355,94.7505432334109,94.83694091755032,5898
2020-07-16,94.83694091755032,95.40417815183648,94.77252064942859,95.01680089722291,9747
2020-07-17,95.01680089722291,95.17151312845425,93.97888237897821,94.16006260658399,6547
2020-07-18,94.16006260658399,94.7637579866897,93.72302775165814,94.18602767070539,9921
2020-07-19,94.18602767070539,95.3550888731577,94.01037419606038,94.91023282711954,1751
2020-07-20,94.91023282711954,95.64348735776268,93.8059710731452,94.2259311970417,4420
2020-07-21,94.2259311970417,94.98619743776088,93.72906210355156,93.83498908088211,1245
2020-07-22,93.83498908088211,94.80613378550818,93.0992037613055,93.3768597214567,9955
2020-07-23,93.3768597214567,93.52529504538381,91.7592167103236,92.26723780770672,6754
2020-07-24,92.26723780770672,92.85578115638808,92.07527779728946,92.43113599182628,6678
2020-07-25,92.43113599182628,94.15218951494123,92.08875190269774,93.72803040529949,4243
2020-07-26,93.72803040529949,94.56082284950472,93.47206466879693,93.66405521883853,4489
2020-07-27,93.66405521883853,94.2192951057952,92.15507535281463,93.04007837695212,7293
2020-07-28,93.04007837695212,93.71237807856083,92.59533345456528,93.59935716982422,2628
2020-07-29,93.59935716982422,94.54373567629312,91.1771575308855,91.62029232502103,6867
2020-07-30,91.62029232502103,92.51603962328052,91.01787308304941,91.46741151965796,8798
2020-07-31,91.46741151965796,92.07654248199523,90.72382997698719,91.42712356017488,7285
2020-08-01,91.42712356017488,91.69801845578125,90.23789297426755,90.54633155176937,4020
2020-08-02,90.54633155176937,91.65581945868772,89.54745888474012,91.0755562459065,1662
2020-08-03,91.0755562459065,91.50520547660868,89.09080828747621,90.07675835779787,2031
2020-08-04,90.07675835779787,90.9087947784258,89.34680360502851,89.77983866091687,2378
2020-08-05,89.77983866091687,89.93749946685907,86.427870039508,87.1804797342162,3327
2020-08-06,87.1804797342162,88.37072337052696,86.29505380351343,87.54770235021829,4709
2020-08-07,87.54770235021829,88.42398404044535,87.090430322632,87.3071684787667,5159
2020-08-08,87.3071684787667,88.0307699026943,86.58066970258749,86.92968443164119,6391
2020-08-09,86.92968443164119,87.0603926184587,86.6343616879959,86.75874032219222,6651
2020-08-10,86.75874032219222,87.73733624804014,85.91311486049965,85.97007196624793,6922
2020-08-11,85.97007196624793,86.72178247661284,85.63836336354504,86.61012228594258,4886
2020-08-12,86.61012228594258,87.45946136768815,84.09337692056044,84.57742762805682,8248
2020-08-13,84.57742762805682,87.4504162453236,84.37837395259503,86.80314813209307,1300
2020-08-14,86.80314813209307,86.81854541802947,85.25881284415316,86.16859375918774,6705
2020-08-15,86.16859375918774,87.49005288055113,85.28494722910806,86.74942864873351,7261
2020-08-16,86.74942864873351,86.74961225472275,86.08396439306193,86.55469622541511,3659
2020-08-17,86.55469622541511,87.04111694511137,85.58138653791127,87.03034231866388,3556
2020-08-18,87.03034231866388,88.38215204488388,86.56894909263784,87.6596481449797,4378
2020-08-19,87.6596481449797,87.81062689367842,85.30168147094065,85.90344696700694,9846
2020-08-20,85.90344696700694,85.95018024196243,82.30582728127246,82.54208648104186,5869
2020-08-21,82.54208648104186,85.15705804938956,82.3307921881496,84.500782636507,7852
2020-08-22,84.500782636507,84.65010878986176,83.15003392295519,84.02579420811657,2385
2020-08-23,84.02579420811657,84.93495253671782,83.06758388619068,83.11500841272115,9243
2020-08-24,83.11500841272115,84.0342609368738,82.5943078556028,83.93569527305192,8363
2020-08-25,83.93569527305192,85.41239245491475,83.31408529609989,84.8128060385242,7946
2020-08-26,84.8128060385242,85.8312160237523,84.32864019446995,85.14740791880149,4374
2020-08-27,85.14740791880149,85.86183883956154,83.26723733379094,83.58715556431865,3479
2020-08-28,83.58715556431865,84.46427343195282,83.10934194744976,83.64564541668196,1131
2020-08-29,83.64564541668196,83.9686450954747,83.41594834924668,83.89084422260555,7876
2020-08-30,83.89084422260555,85.11114023236796,83.78278512846548,84.4676259812603,5809
2020-08-31,84.4676259812603,84.53483191859303,82.57805371351992,83.35736663133422,8858
2020-09-01,83.35736663133422,84.26857214889411,83.09302062097551,83.56967701866876,9998
2020-09-02,83.56967701866876,83.96102781212826,83.02581756081133,83.49080561772308,7018
2020-09-03,83.49080561772308,84.31642066748506,83.46159049350422,83.48564852370427,3044
2020-09-04,83.48564852370427,85.05574366514942,82.76969364484873,84.37211727349515,8209
2020-09-05,84.37211727349515,85.07421094021849,83.86181883499732,84.74557985537746,8395
2020-09-06,84.74557985537746,86.87328532238956,84.48367790035488,86.2245494433648,7840
2020-09-07,86.2245494433648,87.00054296508414,85.92749325357262,85.95047898710473,9727
2020-09-08,85.95047898710473,86.65975865943727,83.9776004118861,84.88913349451619,3571
2020-09-09,84.88913349451619,86.04312227888839,83.92104716130373,85.24009770951068,6689
2020-09-10,85.24009770951068,85.99238113615445,84.43084586008145,84.91355923363837,4798
2020-09-11,84.91355923363837,86.32039400696821,84.4461354959849,85.80780821208083,3094
2020-09-12,85.80780821208083,86.08616446938963,85.07520210700311,85.91350309782405,1372
2020-09-13,85.91350309782405,86.41410876116927,85.31151492899023,85.45196367946033,5173
2020-09-14,85.45196367946033,87.24731349019828,84.58017763392095,86.71756863992064,1959
2020-09-15,86.71756863992064,86.9959058062863,85.51547564065861,86.47455579647743,4097
2020-09-16,86.47455579647743,86.73897466343118,86.04822460376677,86.6618433346224,1461
2020-09-17,86.6618433346224,87.53661407241853,86.08147702863936,87.16686830636161,4770
2020-09-18,87.16686830636161,87.67195053811032,86.9731884048044,87.07793103364098,5435
2020-09-19,87.07793103364098,87.92339999275043,86.516978852046,86.86461265574376,8840
2020-09-20,86.86461265574376,87.36535352235786,85.53815238102675,85.93802688133322,2207
2020-09-21,85.93802688133322,86.42111678053446,84.87122722650012,85.56681253227813,9991
2020-09-22,85.56681253227813,86.31069507971249,83.51409269368654,83.9737548836672,3031
2020-09-23,83.9737548836672,84.66852094103784,82.70564876992633,82.82413305995092,4966
2020-09-24,82.82413305995092,83.61002693522508,81.40569502802796,81.64259025242879,2450
2020-09-25,81.64259025242879,84.10624141489592,81.3360497631157,83.7264429205839,8875
2020-09-26,83.7264429205839,84.50378329658035,82.13177767241767,83.07232036475706,7869
2020-09-27,83.07232036475706,83.79936621144623,81.09395455013663,81.97961235851108,9591
2020-09-28,81.97961235851108,83.72440815946844,81.45776082101729,83.43628109376846,5465
2020-09-29,83.43628109376846,85.34525056402637,83.04014181296313,84.54573660586246,1109
2020-09-30,84.54573660586246,86.15733980312751,84.06221955299526,85.39837912785788,6946
2020-10-01,85.39837912785788,86.39490421668043,84.31311490356438,84.4445543119826,5201
2020-10-02,84.4445543119826,84.94332024698413,82.7940271587022,83.507481811721,6700
2020-10-03,83.507481811721,85.1331417651782,82.98280064823732,84.40530797462868,9268
2020-10-04,84.40530797462868,84.99913794121518,83.15598415125235,83.88110994878826,5054
2020-10-05,83.88110994878826,84.74233129388453,82.84498424015888,83.20383637783023,9380
2020-10-06,83.20383637783023,84.50815358619022,83.1642276599495,84.22666405981725,8912
2020-10-07,84.22666405981725,85.05180496883355,83.00513882739817,83.3211379865568,9601
2020-10-08,83.3211379865568,84.17703871775736,83.04794643054304,83.265260519351,7625
2020-10-09,83.265260519351,83.81640335707561,82.9307091761149,83.46808018981876,8114
2020-10-10,83.46808018981876,85.04450466166237,83.44012770209011,84.3041449948901,4551
2020-10-11,84.3041449948901,86.10966915281006,84.16084237631259,85.39412089021498,5662
2020-10-12,85.39412089021498,85.88934158457806,84.48224662878054,85.66221853606673,2577
2020-10-13,85.66221853606673,85.99912286955656,85.24542711451952,85.8167639395231,8472
2020-10-14,85.8167639395231,86.88969994927996,84.82268412029616,86.80180088288127,8149
2020-10-15,86.80180088288127,87.3911680117004,85.82895048556223,86.90889708470043,7522
2020-10-16,86.90889708470043,87.87541261698611,86.06513711989795,87.06383253924743,8410
2020-10-17,87.06383253924743,87.56919186967595,85.63881199770803,86.38504520818067,8115
2020-10-18,86.38504520818067,88.00789339165193,85.93583536320365,87.0327509139753,2254
2020-10-19,87.0327509139753,87.34640895275979,86.06225682868133,86.55870133461453,6768
2020-10-20,86.55870133461453,86.70049937115408,85.73098712323903,86.45387084146007,9187
2020-10-21,86.45387084146007,86.68316852808044,85.55127959106025,85.87200095023474,6000
2020-10-22,85.87200095023474,86.94186095807106,85.38773981770933,86.34946630498244,6662
2020-10-23,86.34946630498244,87.21910140964243,84.95223369947819,85.75343908154527,8020
2020-10-24,85.75343908154527,86.51720811851618,85.1921685097597,85.67354415202132,5015
2020-10-25,85.67354415202132,87.18060286583457,85.5728805895016,86.18397219639363,8481
2020-10-26,86.18397219639363,89.68488210247232,85.40194101535694,88.89592052381079,4419
2020-10-27,88.89592052381079,89.0737219065736,88.8265316764632,88.88142249293881,2605
2020-10-28,88.88142249293881,89.9293386284586,88.00009899302155,89.43294021407964,8155
2020-10-29,89.43294021407964,90.0754809515536,88.16668754079473,88.42263105499495,8971
2020-10-30,88.42263105499495,89.69033686570006,88.30097965469761,89.5204306884973,8686
2020-10-31,89.5204306884973,90.22806104512459,89.38557578674555,89.97484224363593,3854
2020-11-01,89.97484224363593,90.95982294685211,89.67639244015494,89.82199676210239,9671
2020-11-02,89.82199676210239,92.10965741855921,89.56438864103791,91.53927231350147,9587
2020-11-03,91.53927231350147,92.48244056845424,90.23236890590384,91.1122913542998,7218
2020-11-04,91.1122913542998,91.8542777259811,90.86458661043751,91.04474756722367,9605
2020-11-05,91.04474756722367,91.54326196816083,89.38785605629248,89.84747650908439,9074
2020-11-06,89.84747650908439,90.38267800675315,89.4042708900515,89.63917202158026,8892
2020-11-07,89.63917202158026,89.67437217050812,88.4515597026295,89.10524745170952,9160
2020-11-08,89.10524745170952,89.66777333789626,89.06615225423566,89.65570500997867,1677
2020-11-09,89.65570500997867,90.31605046283053,89.18265230859335,90.24565987229896,1623
2020-11-10,90.24565987229896,90.68604797518068,89.27269790329085,90.55503917137456,1064
2020-11-11,90.55503917137456,90.87633341703875,88.8402550937016,89.56950551082002,8247
2020-11-12,89.56950551082002,90.925110893561,89.05291487983655,89.92985299898324,8595
2020-11-13,89.92985299898324,90.85641789153637,88.94375009552306,90.72560772138776,6865
2020-11-14,90.72560772138776,91.58172152217593,89.37805789530084,90.08987466863806,9584
2020-11-15,90.08987466863806,90.3296273425157,88.12534363800471,88.98679865960038,7413
2020-11-16,88.98679865960038,89.24191229603653,87.3976031811169,88.06225534141048,3831
2020-11-17,88.06225534141048,90.62947693540714,87.97061251842776,90.008502337514,9019
2020-11-18,90.008502337514,90.77774510856582,89.56587371317815,90.52926618572681,5631
2020-11-19,90.52926618572681,91.35205001221053,89.59151912287021,89.93980264107697,3363
2020-11-20,89.93980264107697,91.85957078451206,89.83055639888916,91.64645155909248,1571
2020-11-21,91.64645155909248,91.75997173242807,90.74948773234759,91.69360206655263,4848
2020-11-22,91.69360206655263,92.21861733106032,91.45894756301136,91.7706289648224,2323
2020-11-23,91.7706289648224,92.34433554841503,91.56849801542104,92.01209852409607,3322
2020-11-24,92.01209852409607,93.51247551198237,91.9185027058821,92.90412931728116,6015
2020-11-25,92.90412931728116,94.65295780216562,92.62914959966237,94.41933282280661,8917
2020-11-26,94.41933282280661,94.78562390836687,93.08703509267225,93.37838150121868,1399
2020-11-27,93.37838150121868,94.8565772526891,92.654194287884,94.74507702912452,2757
2020-11-28,94.74507702912452,95.18292736537404,93.81693733912874,94.37219191197806,8895
2020-11-29,94.37219191197806,94.53442839525404,93.81931357052954,94.13817357537872,8661
2020-11-30,94.13817357537872,94.96535891168479,93.52061101401193,94.8114376422671,1863
2020-12-01,94.8114376422671,95.24544226184997,94.10629305390687,94.43878512547363,9797
2020-12-02,94.43878512547363,94.66804303214785,93.6441433153174,94.62728829070417,2946
2020-12-03,94.62728829070417,95.68332287745646,94.24400746040504,95.19489671444092,4896
2020-12-04,95.19489671444092,96.19975933376769,95.18320390980332,95.59212191860331,1578
2020-12-05,95.59212191860331,96.78587173120192,95.24835302975302,96.1991305805664,3762
2020-12-06,96.1991305805664,96.85948988206475,95.55309177802297,96.74170689544104,5681
2020-12-07,96.74170689544104,97.36913624486202,96.32596151278453,97.0159479983357,2280
2020-12-08,97.0159479983357,97.13911764423456,95.56930125823364,96.09848286510541,6229
2020-12-09,96.09848286510541,96.97585532663032,95.64654548253083,96.6092746704146,6299
2020-12-10,96.6092746704146,97.49778842817962,95.78144499548705,96.1837945179767,9855
2020-12-11,96.1837945179767,96.72518043669552,95.6743730912406,95.96845900470998,2305
2020-12-12,95.96845900470998,98.0379641083206,95.59337323309774,97.6437586952471,7496
2020-12-13,97.6437586952471,98.51345447182982,97.00150162379795,97.97140633723352,1545
2020-12-14,97.97140633723352,99.34275028292656,97.80327442329941,98.62073728680527,3934
2020-12-15,98.62073728680527,101.73006394173416,98.42897315601309,100.78783873883695,1604
2020-12-16,100.78783873883695,101.3874089278771,100.13794046606287,100.77817380106535,8791
2020-12-17,100.77817380106535,103.08922234198782,100.51648551987186,102.36473377745395,8628
2020-12-18,102.36473377745395,103.25194506636953,101.4843796161925,102.34450116348668,6599
2020-12-19,102.34450116348668,103.08250880949855,101.10032437823033,101.1873404353185,4908
2020-12-20,101.1873404353185,101.65060958203256,100.69668976933544,101.48764705857954,1968
2020-12-21,101.48764705857954,102.70060022323165,101.33439736718675,102.24973408232248,4702
2020-12-22,102.24973408232248,102.91786441388349,101.51211019241322,101.98147604192275,5537
2020-12-23,101.98147604192275,103.62080264977723,101.64241326382404,102.70722507510004,4445
2020-12-24,102.70722507510004,103.14374346517077,101.38448107890558,102.01530106540216,4514
2020-12-25,102.01530106540216,102.76920120128639,101.60412800041784,102.64562417187396,2695
2020-12-26,102.64562417187396,103.16005082803346,102.2403935613702,102.59045425883141,2912
2020-12-27,102.59045425883141,102.85221814833072,101.96220654853106,101.98247072758515,8367
2020-12-28,101.98247072758515,104.2473963418738,101.03552965126349,103.88573859429417,3518
2020-12-29,103.88573859429417,104.59532455164872,102.72914701582835,102.73119202057117,7433
2020-12-30,102.73119202057117,103.87427914142863,102.4317152815277,102.96924895538257,5474
2020-12-31,102.96924895538257,103.04083821465763,101.87185954155449,102.84891110924694,4594
2021-01-01,102.84891110924694,102.88382300820018,100.0085029629866,100.62562455256258,7351
2021-01-02,100.62562455256258,101.30843544269119,100.12950581989891,101.14701468408767,6844
2021-01-03,101.14701468408767,101.8737414900132,98.71772568207402,99.59489578563131,7996
2021-01-04,99.59489578563131,99.94578355103644,96.8709062665055,97.75411869474443,2228
2021-01-05,97.75411869474443,98.49647392484914,95.877524003258,96.79619913718729,5410
2021-01-06,96.79619913718729,97.69161692848904,95.98558818809795,96.5725067980173,8284
2021-01-07,96.5725067980173,96.7799139924447,95.39823467692528,95.6987074090617,3772
2021-01-08,95.6987074090617,95.82663706106726,93.75748213888957,93.8695117290502,6724
2021-01-09,93.8695117290502,95.60035033048962,93.47701445025005,95.45035081551971,7804
2021-01-10,95.45035081551971,96.76678942685558,94.75832148757144,95.82328440820663,8138
2021-01-11,95.82328440820663,96.62727449916964,95.29599467773757,95.65868892154434,7330
2021-01-12,95.65868892154434,96.65394044604467,93.3579875137782,94.04347645223265,6082
2021-01-13,94.04347645223265,94.83191075751887,92.85400658810974,93.59926828998961,5986
2021-01-14,93.59926828998961,94.56684631484877,92.4318188339717,92.90786909689548,1671
2021-01-15,92.90786909689548,95.10193665925607,92.67560127775998,94.21087252400116,6958
2021-01-16,94.21087252400116,94.78277605151345,93.06201247389353,93.44658510206865,8048
2021-01-17,93.44658510206865,94.13018605363828,92.79918552816957,93.710381330566,7822
2021-01-18,93.710381330566,94.35566496409903,91.41718381113876,91.89714911265104,6989
2021-01-19,91.89714911265104,91.8992930846197,90.7777667940997,91.6802653616528,9863
2021-01-20,91.6802653616528,91.89662004977241,91.09400669857048,91.61319077759921,4941
2021-01-21,91.61319077759921,92.73388342604196,90.8974143920256,92.11195633440522,3556
2021-01-22,92.11195633440522,93.04855350847947,90.37509585003876,91.15566995762829,5119
2021-01-23,91.15566995762829,92.00276591309222,90.18454608300968,90.50695067996926,8367
2021-01-24,90.50695067996926,92.00424656675077,89.75842968187193,91.09533365009318,1529
2021-01-25,91.09533365009318,91.61864492573028,89.83392458089219,90.18993714585059,5882
2021-01-26,90.18993714585059,91.16877456331301,89.92779941275613,91.06532106162568,2188
2021-01-27,91.06532106162568,93.00061659739977,91.00808515370534,92.34150322294396,1528
2021-01-28,92.34150322294396,93.76314144612316,91.70670672766423,93.18474745625781,1070
2021-01-29,93.18474745625781,94.22609239261882,92.91665200509084,93.51577289772729,4587
2021-01-30,93.51577289772729,96.83368747635387,92.97039316185607,96.07951677757532,4979
2021-01-31,96.07951677757532,98.55614099554914,95.41560202626272,97.58367040874212,8811
2021-02-01,97.58367040874212,97.74421984860054,96.56575535435775,96.9261472733148,5575
2021-02-02,96.9261472733148,98.79493762797915,96.06367273699757,97.90022367777678,3449
2021-02-03,97.90022367777678,98.82652293281947,95.86967703278984,96.77048867292277,6852
2021-02-04,96.77048867292277,100.06540945430942,96.37597507627123,99.38801793120605,3362
2021-02-05,99.38801793120605,99.7561607205587,97.91413635305102,98.44226272628359,6792
2021-02-06,98.44226272628359,99.08694432256434,97.56993971492182,97.59479856102277,6833
2021-02-07,97.59479856102277,98.78974553125686,96.70191539427158,97.87780999376592,4961
2021-02-08,97.87780999376592,99.35296412011607,97.46492889009637,98.4023068231469,5895
2021-02-09,98.4023068231469,100.0042660169357,98.11879569796814,99.38954022250513,3527
2021-02-10,99.38954022250513,99.58932860819007,97.91897818404489,98.17490200600317,6912
2021-02-11,98.17490200600317,98.31726374970113,96.83652129829778,97.24973326191183,7121
2021-02-12,97.24973326191183,98.64907909295472,96.40807688918808,98.59543615414836,5883
2021-02-13,98.59543615414836,101.57816475862577,97.68448677093758,100.76023392079628,4249
2021-02-14,100.76023392079628,101.39703701446975,99.39728276579103,100.20611692525212,7773
2021-02-15,100.20611692525212,100.52358050906733,97.50029756018466,98.48529236112917,4351
2021-02-16,98.48529236112917,98.82219695034618,96.6226276820083,97.45124367014826,4641
2021-02-17,97.45124367014826,98.15975750039769,96.7946809899335,97.49530598179193,2071
2021-02-18,97.49530598179193,99.1509252718907,97.1352409375112,98.71611902877818,8083
2021-02-19,98.71611902877818,100.4327086829654,98.5418899542393,99.50354834250072,8109
2021-02-20,99.50354834250072,100.18803307835864,98.94662741372962,99.47703000511626,9361
2021-02-21,99.47703000511626,100.26373846715657,98.55885953410716,98.7368957257107,1287
2021-02-22,98.7368957257107,99.49596764945221,96.97527540735003,97.03421423118819,8536
2021-02-23,97.03421423118819,99.07851244140848,96.61582504010669,98.12887242218619,4540
2021-02-24,98.12887242218619,98.9999001327781,97.17501827842125,98.96757911682266,8442
2021-02-25,98.96757911682266,99.90253612360243,97.65850939461265,98.14250227328215,3126
2021-02-26,98.14250227328215,98.55615812615468,97.09302612082946,97.65055261041081,7276
2021-02-27,97.65055261041081,99.74285989291917,96.97135807070936,99.3074418398823,1537
2021-02-28,99.3074418398823,99.62863576466779,97.28600090547981,98.21399473685968,1666
2021-03-01,98.21399473685968,99.20180890854016,97.29789316689751,97.97911948608247,9750
2021-03-02,97.97911948608247,99.78473353402683,97.09810639904991,98.84719001722421,7063
2021-03-03,98.84719001722421,101.34122366698298,98.3196521116274,100.69157557442105,2595
2021-03-04,100.69157557442105,101.24301622859063,98.50615785987314,99.18334222240834,9243
2021-03-05,99.18334222240834,99.26027016287316,97.8556126770294,98.14360244288308,9291
2021-03-06,98.14360244288308,99.06885097549213,96.41288067870836,97.07331163262091,8178
2021-03-07,97.07331163262091,97.58221417438152,96.09195096331075,96.39539360511442,1531
2021-03-08,96.39539360511442,96.6489180198574,95.16036899560453,95.56461208992692,8317
2021-03-09,95.56461208992692,98.80630038356188,95.25782541477327,98.07474568423984,8307
2021-03-10,98.07474568423984,98.42373312900476,97.00878938027772,97.39768762724222,2961
2021-03-11,97.39768762724222,99.57472861218587,96.8786218451101,98.8300871418023,2618
2021-03-12,98.8300871418023,100.86803768606013,98.73802663423865,100.61663548734207,3782
2021-03-13,100.61663548734207,100.94730362059867,100.21769802471188,100.26843173425351,5697
2021-03-14,100.26843173425351,100.65769221926182,100.04423773351056,100.23501440302465,4317
2021-03-15,100.23501440302465,101.0769809934313,99.88533918465548,100.77501997550127,1947
2021-03-16,100.77501997550127,102.02878416160466,100.37598836653767,101.05909170076949,8993
2021-03-17,101.05909170076949,102.67632049994016,100.79659513181757,102.03502798205389,6704
2021-03-18,102.03502798205389,102.15583748120214,100.9156316641551,101.35923776980434,9505
2021-03-19,101.35923776980434,101.79981392087268,100.43788396222287,100.92461923375198,8062
2021-03-20,100.92461923375198,101.56451618128925,100.46892918758641,100.91585231858197,4901
2021-03-21,100.91585231858197,102.93617786188611,100.0679172119405,101.99840798255977,2100
2021-03-22,101.99840798255977,104.08456336457151,101.40956681598944,103.582664658056,2640
2021-03-23,103.582664658056,104.18744899390022,102.36942949727528,103.21984350368503,5954
2021-03-24,103.21984350368503,103.89273268942836,102.38892359921341,103.10337860918908,4190
2021-03-25,103.10337860918908,103.29205113133604,101.5348257817043,102.51204314087207,3745
2021-03-26,102.51204314087207,103.62843109357465,102.36761270921099,103.19503990813678,7672
2021-03-27,103.19503990813678,104.52752915864097,102.37064949476246,103.52834129795765,6460
2021-03-28,103.52834129795765,104.79240519091694,103.48107292742061,103.8275950038793,3095
2021-03-29,103.8275950038793,104.81168761248054,103.35141948740905,104.08453126970659,2098
2021-03-30,104.08453126970659,104.9560122779659,103.97397554315529,104.65431192963169,1292
2021-03-31,104.65431192963169,105.03121013109133,103.82047015226564,104.16161286978767,8610
2021-04-01,104.16161286978767,105.34559471936039,103.48405420132359,104.9033495108894,9735
2021-04-02,104.9033495108894,105.70847354347639,102.99039546480365,103.56334720954476,4613
2021-04-03,103.56334720954476,104.55933231152137,102.36856184008475,102.54210071425187,4158
2021-04-04,102.54210071425187,103.68913367216078,101.95651435578549,103.65949960622999,4140
2021-04-05,103.65949960622999,104.29271431230148,102.8299540182428,103.83722723454082,3370
2021-04-06,103.83722723454082,104.80299149562083,102.78958802860718,103.46442363379451,4957
2021-04-07,103.46442363379451,103.668807834469,103.21409680135429,103.50819581132588,9494
2021-04-08,103.50819581132588,103.87634963058835,103.0961655163332,103.37354254697428,3528
2021-04-09,103.37354254697428,103.56712917379413,101.38351015506295,101.39043973832965,3833
2021-04-10,101.39043973832965,102.76198687328107,100.4510119862802,101.99912781983629,8214
2021-04-11,101.99912781983629,102.4560797593652,100.85732837586374,101.73964081799814,6687
2021-04-12,101.73964081799814,102.37647568563084,99.51877527833486,100.47860263843654,7266
2021-04-13,100.47860263843654,102.87737515589326,99.5292443437713,102.2790957747587,6028
2021-04-14,102.2790957747587,103.38680681172772,102.13896929659286,102.52012370229829,8468
2021-04-15,102.52012370229829,103.84246150988317,101.62484260252319,103.73016837144088,5754
2021-04-16,103.73016837144088,104.04605873475364,102.02948305437343,102.52290580336131,7362
2021-04-17,102.52290580336131,103.37984272744661,100.99157909076288,101.44014421948341,5925
2021-04-18,101.44014421948341,102.40575804579989,100.97574931102656,100.97959342940712,4656
2021-04-19,100.97959342940712,101.1344068691215,100.46623348636834,100.5757878756018,4214
2021-04-20,100.5757878756018,102.18806175948922,100.39357735127128,101.92728700559675,1727
2021-04-21,101.92728700559675,102.35804555535329,101.25353474465247,101.5288381351348,9160
2021-04-22,101.5288381351348,101.76971982784282,100.99453534140595,101.51359039787864,2782
2021-04-23,101.51359039787864,102.36811233532362,101.13152925089051,102.31475533357464,5118
2021-04-24,102.31475533357464,103.25211046955708,101.38489491122155,101.68271642012775,6576
2021-04-25,101.68271642012775,103.05963165439859,101.353456013987,102.54944295845682,8506
2021-04-26,102.54944295845682,102.71621394080121,102.00054680234774,102.66845815021803,4265
2021-04-27,102.66845815021803,103.97973242769125,101.78829647463684,103.16865445261331,3244
2021-04-28,103.16865445261331,104.01896127835789,101.45844837579364,101.96997175945341,9968
2021-04-29,101.96997175945341,103.75132571170239,101.24693893076622,102.99370074302891,2690
2021-04-30,102.99370074302891,105.3566859425059,102.32357205270162,104.43092514313312,5523
2021-05-01,104.43092514313312,105.39734101071683,103.5444798404141,104.9508984970502,8399
2021-05-02,104.9508984970502,105.21620568648896,104.00448608044337,104.94788165534563,5406
2021-05-03,104.94788165534563,105.35020488685443,103.37947209679464,104.23881196817494,8139
2021-05-04,104.23881196817494,104.990621462037,103.29606585169128,103.81437381889376,5958
2021-05-05,103.81437381889376,104.35622343385023,103.0651882123031,103.41901411773631,7707
2021-05-06,103.41901411773631,104.70175072836359,102.66924146041568,104.33803002326447,3624
2021-05-07,104.33803002326447,106.94795724190081,103.42130498338838,106.51611512033804,4229
2021-05-08,106.51611512033804,108.53999942744215,106.47719042076692,107.59796151964616,6669
2021-05-09,107.59796151964616,108.64623380943381,107.31008065230297,108.18656762913326,7311
2021-05-10,108.18656762913326,109.16299315964662,106.14113319605408,106.75391498497923,5173
2021-05-11,106.75391498497923,108.85207084313271,105.84960151931546,108.21405048490624,9147
2021-05-12,108.21405048490624,109.11936540536699,106.48053112993166,107.3326426093655,7451
2021-05-13,107.3326426093655,108.92361577020938,106.45950061676318,108.4383248502489,2063
2021-05-14,108.4383248502489,108.63725982851153,107.680620781713,107.68909638376843,7412
2021-05-15,107.68909638376843,108.0191303014699,105.64642007654143,106.11465457830046,9845
2021-05-16,106.11465457830046,107.18294416366275,106.11317895177518,106.29638959530389,8394
2021-05-17,106.29638959530389,106.53316049102969,104.27293727006972,104.90083534893992,4306
2021-05-18,104.90083534893992,105.84340431227342,104.20819353185854,104.42750175712347,8329
2021-05-19,104.42750175712347,105.36025423358323,102.45478196217353,102.49704274185983,2649
2021-05-20,102.49704274185983,104.12438869128624,101.65840364751614,103.69896931029939,9269
2021-05-21,103.69896931029939,104.59129845581334,102.11647919987756,102.94551630693132,6150
2021-05-22,102.94551630693132,103.54603047507102,102.48857940910813,102.92847949707787,9602
2021-05-23,102.92847949707787,103.0098034829709,102.05911547537688,102.81671317988868,1271
2021-05-24,102.81671317988868,103.37171801025846,102.35522499478822,103.34008408525341,5997
2021-05-25,103.34008408525341,105.5767064418932,102.71937705780665,104.65120623077324,8313
2021-05-26,104.65120623077324,105.0333567375949,103.47666004628432,104.43230833277315,4405
2021-05-27,104.43230833277315,107.50574953982617,104.10059516088822,107.18878101810287,7894
2021-05-28,107.18878101810287,107.91746315208684,106.75713450117829,107.6385479546699,7162
2021-05-29,107.6385479546699,109.56001260928403,106.80069203269774,108.69312894034874,1632
2021-05-30,108.69312894034874,110.37064285846411,107.85932064956425,109.5627106805685,7406
2021-05-31,109.5627106805685,109.62560367099263,108.3012169574433,108.81121587287528,8729
2021-06-01,108.81121587287528,109.51433955562563,107.22206413773283,107.92233119852014,7520
2021-06-02,107.92233119852014,108.85020527668867,107.50936703879529,107.86023595169593,4233
2021-06-03,107.86023595169593,108.92876194834562,107.25189073140348,108.24495476378976,3250
2021-06-04,108.24495476378976,109.734454315502,107.41042429044785,109.30951890192156,6050
2021-06-05,109.30951890192156,110.4630945992033,109.17330542877362,110.19350519972824,9291
2021-06-06,110.19350519972824,110.28433025536063,109.47584624524481,109.80073906768672,5496
2021-06-07,109.80073906768672,110.36796863561568,108.29260520133265,108.63320231075956,9047
2021-06-08,108.63320231075956,108.76115591375668,107.37319591853314,107.43061154906913,3425
2021-06-09,107.43061154906913,107.9428312430894,106.21471710102729,106.53907227177992,6283
2021-06-10,106.53907227177992,106.88623859756788,104.92730817823791,105.84762605377931,4709
2021-06-11,105.84762605377931,107.2670373380442,105.41978298768426,107.24804750195307,7812
2021-06-12,107.24804750195307,108.5600322457708,106.31624977165986,107.62932115614738,4924
2021-06-13,107.62932115614738,108.66799882223043,106.68018665930788,108.47603735464634,3171
2021-06-14,108.47603735464634,110.28873423147758,108.37878290724277,109.43448176920451,2894
2021-06-15,109.43448176920451,111.89018595376875,109.00921450984902,111.15703962476198,2798
2021-06-16,111.15703962476198,112.05890425822632,110.81324702205491,111.06577646797595,9962
2021-06-17,111.06577646797595,111.74542320316255,110.18208838221622,110.87529280926944,9429
2021-06-18,110.87529280926944,111.61190995307099,109.50921616901243,110.24967528767726,6198
2021-06-19,110.24967528767726,110.64440868219663,108.6218637483623,109.51224327125567,8234
2021-06-20,109.51224327125567,110.08238729754389,108.50363797147627,108.51934952732257,9379
2021-06-21,108.51934952732257,108.6181444166133,107.81394722287423,108.41827960088767,4391
2021-06-22,108.41827960088767,108.4397017518584,107.02752959084154,107.68970656042187,8570
2021-06-23,107.68970656042187,108.5870244541762,106.88970020960524,107.43180959142148,7873
2021-06-24,107.43180959142148,108.63117072690272,107.23477321544955,108.5831996044682,1324
2021-06-25,108.5831996044682,108.78660110459278,107.64482357670676,108.7081429048644,1047
2021-06-26,108.7081429048644,110.05010713765988,108.44561992622204,109.26607600045052,1643
2021-06-27,109.26607600045052,109.86937784978583,108.7429372935126,109.63671405495914,6554
2021-06-28,109.63671405495914,110.39956901587097,108.31380516940207,108.50701830245401,7257
2021-06-29,108.50701830245401,109.2670240683317,107.67824719661012,108.79345385527893,8334
2021-06-30,108.79345385527893,109.44068450058788,107.21731765619616,107.79592371680614,4760
2021-07-01,107.79592371680614,108.70497322178026,106.51101739449538,107.02057291373217,2589
2021-07-02,107.02057291373217,109.50363404231983,106.26120327634317,108.71838834883044,3688
2021-07-03,108.71838834883044,108.96294703174205,107.80217429198902,108.7648550112628,5704
2021-07-04,108.7648550112628,109.39260397743311,107.44980652146195,108.16548176089961,3151
2021-07-05,108.16548176089961,108.55182151537332,107.3815563823551,107.62881183353163,7667
2021-07-06,107.62881183353163,107.80143040470894,107.00613578729347,107.7014053309683,4531
2021-07-07,107.7014053309683,108.29407533856502,105.73534943783467,106.65272178766007,2634
2021-07-08,106.65272178766007,107.00134704654005,105.90010665947617,106.63208418414978,8949
2021-07-09,106.63208418414978,106.83006962927102,106.55762159903588,106.67857986511113,9437
2021-07-10,106.67857986511113,108.63883504091216,105.8450088408651,107.68045865772743,4388
2021-07-11,107.68045865772743,109.7310813361184,106.84259590467838,108.798535527504,9106
2021-07-12,108.798535527504,109.18743728575224,107.90905097705325,108.22716465255571,8367
2021-07-13,108.22716465255571,108.47087057470047,107.81697930387939,108.44262088876218,4508
2021-07-14,108.44262088876218,108.6362134168907,107.39910171830762,107.71480175080703,5581
2021-07-15,107.71480175080703,108.53456278383015,106.9281738899509,107.89062673037351,8432
2021-07-16,107.89062673037351,109.69797952722013,107.25565663538313,109.3763765432278,2558
2021-07-17,109.3763765432278,109.92622527107633,108.13151538977498,108.50357230095618,7172
2021-07-18,108.50357230095618,110.95363601669467,108.07483565225743,110.51463577952767,9705
2021-07-19,110.51463577952767,110.74459962333488,109.46464549211976,110.02615722899061,8802
2021-07-20,110.02615722899061,110.86955361382223,108.9396286963401,109.89821767697185,1577
2021-07-21,109.89821767697185,110.59508218966327,107.81161868755186,108.66909767668831,4344
2021-07-22,108.66909767668831,109.06852876394586,107.80300685597373,108.37621259728539,1075
2021-07-23,108.37621259728539,109.27296741621704,108.0136082158169,109.04916045869608,7899
2021-07-24,109.04916045869608,109.7047765938056,107.37494310440415,108.33348782894085,8157
2021-07-25,108.33348782894085,108.98097495598954,107.84417827261699,108.47675581312816,4286
2021-07-26,108.47675581312816,109.25528581215708,106.48848460600256,106.87437195174147,7769
2021-07-27,106.87437195174147,106.90645401286014,105.04939054198523,105.90366816376859,8543
2021-07-28,105.90366816376859,106.28589832086426,105.38626770296477,105.93967855797445,3347
2021-07-29,105.93967855797445,107.34759559519293,105.39837717706712,106.80483268665698,7964
2021-07-30,106.80483268665698,107.77118765409148,106.22624152916651,106.54952719860913,1842
2021-07-31,106.54952719860913,107.36453305393077,106.32755165716598,107.34849462456401,5157
2021-08-01,107.34849462456401,109.41464604564526,106.71313134524131,108.54980864219831,4342
2021-08-02,108.54980864219831,109.76224316452881,108.10961623718669,108.77998830753529,8239
2021-08-03,108.77998830753529,109.84091629332752,108.63651780448336,109.07480354422044,3318
2021-08-04,109.07480354422044,111.11559539143633,108.08454417031278,111.09525090908323,7834
2021-08-05,111.09525090908323,111.74832630993436,110.78006837060794,111.29765884346722,9311
2021-08-06,111.29765884346722,111.80668608512227,110.9314182676563,111.68855042431295,7215
2021-08-07,111.68855042431295,112.16182587002424,111.53676795751078,111.84944199971778,9564
2021-08-08,111.84944199971778,112.07721465054848,111.74097745112599,111.94355896696277,7805
2021-08-09,111.94355896696277,113.1165988170445,111.89348943811139,112.47820344089358,3407
2021-08-10,112.47820344089358,114.47691242862551,111.62434522462819,113.72997719103027,6911
2021-08-11,113.72997719103027,117.45785272161415,113.38694394728066,116.52400094144858,2293
2021-08-12,116.52400094144858,116.86742690698183,115.5881934598501,116.34290491330282,1912
2021-08-13,116.34290491330282,117.32212226730486,113.92309564517124,114.80352164045865,6424
2021-08-14,114.80352164045865,115.32040946339919,112.2986442798589,112.97477438051327,5917
2021-08-15,112.97477438051327,113.95079173400114,112.59832248701001,113.649806847939,3479
2021-08-16,113.649806847939,114.4678535745358,112.52383407722837,113.40158227332944,9490
2021-08-17,113.40158227332944,114.45911962562495,112.47168490188591,113.57778347692357,9696
2021-08-18,113.57778347692357,116.30450083279345,112.94178571341784,115.58692746326928,4608
2021-08-19,115.58692746326928,116.68783323687514,115.12989997737269,115.71653143791946,3492
2021-08-20,115.71653143791946,115.93375412285125,114.93352154726182,115.13882538949655,6366
2021-08-21,115.13882538949655,116.43447526682533,114.47853615596891,115.59064736068687,6687
2021-08-22,115.59064736068687,117.02933921462682,115.05322249832241,116.07071414054639,4988
2021-08-23,116.07071414054639,117.34163292768787,115.30782882541703,116.36629021633092,1189
2021-08-24,116.36629021633092,117.31379048094351,115.96478982921707,116.97107025790632,5208
2021-08-25,116.97107025790632,117.9249668632932,116.32787555991726,116.34262236531026,3619
2021-08-26,116.34262236531026,117.35051723202133,115.9472434920079,116.76548906236303,4594
2021-08-27,116.76548906236303,117.62669229267087,115.8831822105412,116.4397190139495,2778
2021-08-28,116.4397190139495,118.47188831037045,115.91583333198524,118.02467722227212,8837
2021-08-29,118.02467722227212,119.14071941118222,117.58788751264264,119.03869367236655,2779
2021-08-30,119.03869367236655,120.43113568573484,118.12848683373949,119.72947101824022,6719
2021-08-31,119.72947101824022,120.21908120845445,118.9598074777329,119.81264363185629,2054
2021-09-01,119.81264363185629,120.47992293965906,118.95009761768738,119.21951934392702,7630
2021-09-02,119.21951934392702,120.13714072310916,118.19803432888794,118.87468838445561,1021
2021-09-03,118.87468838445561,120.91124297244677,118.07285117204276,120.64012306603385,4396
2021-09-04,120.64012306603385,121.4629480605691,120.14394652129478,120.70283646967313,4301
2021-09-05,120.70283646967313,120.71869675411443,119.43162157560506,120.36423205265288,5269
2021-09-06,120.36423205265288,120.4263463512705,119.07039265337879,119.5446779339961,8384
2021-09-07,119.5446779339961,120.26515275656472,117.92040007515018,118.70338319539017,9019
2021-09-08,118.70338319539017,119.38335452088889,115.41731328038412,116.28220542863936,5985
2021-09-09,116.28220542863936,116.74132924565266,116.09435509319032,116.24496465025638,5774
2021-09-10,116.24496465025638,116.34747483292199,115.80259658576273,116.06946306621477,3650
2021-09-11,116.06946306621477,116.63440993436778,115.10932960274802,115.82233576855197,8792
2021-09-12,115.82233576855197,116.75293762381207,113.96745140715858,114.77666632058438,4804
2021-09-13,114.77666632058438,116.72050125671697,113.92626132778405,115.81435060512632,1188
2021-09-14,115.81435060512632,116.78951322825027,114.06659949254959,114.36531576805982,5603
2021-09-15,114.36531576805982,115.43547887794352,113.82277238524149,115.40511251828545,8209
2021-09-16,115.40511251828545,115.5461579189815,113.51045812079484,114.40940134043727,5928
2021-09-17,114.40940134043727,114.47457339620122,113.21046989847524,113.4605187764495,6436
2021-09-18,113.4605187764495,114.27758231461847,112.53720532936407,113.70751441612263,9586
2021-09-19,113.70751441612263,114.97204468162997,112.94857599370953,114.4184723459312,2652
2021-09-20,114.4184723459312,114.96663790468372,113.04632767223667,113.12786330929849,6253
2021-09-21,113.12786330929849,113.30391909287742,112.75730255582016,112.8225873267325,5621
2021-09-22,112.8225873267325,112.88880978757116,110.56525279710861,111.54087363104605,1767
2021-09-23,111.54087363104605,112.02329655884331,110.94494162557984,111.38428526075364,3365
2021-09-24,111.38428526075364,111.53387163937713,110.79041662850516,110.83324980734928,2877
2021-09-25,110.83324980734928,112.14311144795157,110.2627202350592,111.61659638165358,4959
2021-09-26,111.61659638165358,112.60644645130813,108.94837064667328,109.84219487176664,3926
2021-09-27,109.84219487176664,110.70597043607522,109.32837378645004,110.10468813043559,5668
2021-09-28,110.10468813043559,110.13278402547898,109.91815494224939,110.06064774970648,5620
2021-09-29,110.06064774970648,111.2160892764505,110.04677245567456,110.6700907919271,6660
2021-09-30,110.6700907919271,113.32571021093263,109.68262535861895,112.65922097743298,1020
2021-10-01,112.65922097743298,113.865874656705,112.59271852762744,113.2520907267521,1622
2021-10-02,113.2520907267521,114.13572941108663,111.99621056541979,112.92680439449076,3573
2021-10-03,112.92680439449076,113.65165514425573,112.42601578857476,112.94697673343792,7065
2021-10-04,112.94697673343792,114.68756762597508,112.18194438446355,113.88655595274322,9863
2021-10-05,113.88655595274322,114.11420870894885,113.09731002868449,113.13818153475793,8815
2021-10-06,113.13818153475793,114.02177975905528,112.31695425978533,112.39956490972035,5609
2021-10-07,112.39956490972035,112.66953009039355,111.47241661773182,111.58914863409429,7280
2021-10-08,111.58914863409429,112.74745638161019,111.5743084098034,112.31743180716765,7662
2021-10-09,112.31743180716765,113.74032996044674,112.12322978810099,113.17525621146422,1573
2021-10-10,113.17525621146422,113.72310551236733,112.31753698649605,112.97532710986333,1898
2021-10-11,112.97532710986333,113.55067976542163,111.97278958027593,112.30553124477106,8627
2021-10-12,112.30553124477106,113.57796381882106,112.23532955243878,112.73409462453394,6399
2021-10-13,112.73409462453394,114.35369773346288,111.74721752253035,113.46616789883439,7042
2021-10-14,113.46616789883439,114.18748992752921,112.93018455111235,113.95795026128695,4708
2021-10-15,113.95795026128695,114.40810731507355,113.53438879492305,113.75257743807096,6424
2021-10-16,113.75257743807096,114.41314207664044,113.28459959589257,114.12228177068995,2335
2021-10-17,114.12228177068995,114.64262105607786,112.84664963343018,113.53769478216383,3048
2021-10-18,113.53769478216383,114.11783139418499,112.6931243570691,112.8449457078009,5211
2021-10-19,112.8449457078009,113.17656258721617,112.0084235923881,112.11667100761824,3596
2021-10-20,112.11667100761824,112.35290132819748,110.73761428997308,111.63563209937287,3719
2021-10-21,111.63563209937287,112.31025509063412,111.25520013979822,111.78063857051232,1391
2021-10-22,111.78063857051232,112.51984547184702,110.99179315321702,111.72010621334348,3196
2021-10-23,111.72010621334348,112.36784688197342,111.21430231652914,112.00814435343054,6531
2021-10-24,112.00814435343054,114.23627037884206,111.73254685874902,113.55425498304425,8389
2021-10-25,113.55425498304425,115.1105065923088,112.69990245137605,114.38982138245457,9541
2021-10-26,114.38982138245457,114.63325446335841,112.38903012390297,113.04385434526115,9346
2021-10-27,113.04385434526115,113.26014654055923,111.27706320791917,112.27506148208306,8173
2021-10-28,112.27506148208306,112.64403638062426,111.25269646927944,111.9361696778768,4001
2021-10-29,111.9361696778768,112.27261498544064,110.80012857329048,111.33384847939791,1340
2021-10-30,111.33384847939791,112.02092352056373,110.59816974281594,110.75006753533555,4045
2021-10-31,110.75006753533555,111.15311015540819,109.85407808136017,111.00241705820405,6893
2021-11-01,111.00241705820405,111.74683208434391,109.38596460267532,109.89841021723903,8604
2021-11-02,109.89841021723903,110.31946890699746,108.39076754452746,108.91162120329125,6936
2021-11-03,108.91162120329125,109.70512328595757,106.6451258160158,106.84120781143919,3029
2021-11-04,106.84120781143919,108.28003618732217,106.13509044819708,107.54157880932317,8821
2021-11-05,107.54157880932317,109.80723823899854,107.11255850248806,109.31163579409403,6646
2021-11-06,109.31163579409403,110.72149199520081,108.998238182775,110.49895794997265,4617
2021-11-07,110.49895794997265,111.30866345713352,108.6937253278569,109.47820498229483,5378
2021-11-08,109.47820498229483,109.99188732754804,108.35904820322433,108.78210748142371,7615
2021-11-09,108.78210748142371,108.8712045487162,108.43572442662001,108.85451637333423,1898
2021-11-10,108.85451637333423,109.82838410890044,108.58252256141803,108.92972197325393,2448
2021-11-11,108.92972197325393,109.37531507016766,107.97444371032387,108.0820789721669,1819
2021-11-12,108.0820789721669,108.55781286432536,106.91398090848702,107.39304033442954,9122
2021-11-13,107.39304033442954,108.20242841226839,105.3327765430695,105.61372004940884,6298
2021-11-14,105.61372004940884,106.78304625386949,105.2969425111893,106.52094678246289,1870
2021-11-15,106.52094678246289,106.92795985320952,105.71786258156297,105.88689656439946,2581
2021-11-16,105.88689656439946,105.93521313678814,104.95709176574405,105.39756085841839,5396
2021-11-17,105.39756085841839,106.01652969811221,104.06006963828621,104.67250767180744,4340
2021-11-18,104.67250767180744,106.69976220840721,103.75162016480387,106.45398839591788,2604
2021-11-19,106.45398839591788,108.18445494357107,105.70285546832511,107.3142883136335,1497
2021-11-20,107.3142883136335,108.16261504795175,106.85557181925583,107.3783765659033,4795
2021-11-21,107.3783765659033,107.4616483484609,105.44822905697335,106.21229920103389,8609
2021-11-22,106.21229920103389,107.45290946072653,105.31379005088117,107.05040738386575,7235
2021-11-23,107.05040738386575,108.17303068288362,106.8697395490316,107.57531138024525,5469
2021-11-24,107.57531138024525,109.06156879317776,106.94632050479458,108.55716243233425,3842
2021-11-25,108.55716243233425,109.08366666256636,108.21554407730804,109.04308750769472,8053
2021-11-26,109.04308750769472,111.7161779359281,108.05800165874004,111.13034653068718,1370
2021-11-27,111.13034653068718,111.16789466466456,110.66967411512216,110.86015691419502,8633
2021-11-28,110.86015691419502,110.9396158482167,110.4926435138995,110.79147496435846,4575
2021-11-29,110.79147496435846,112.09365725698453,110.2599575938716,111.16518717248863,7629
2021-11-30,111.16518717248863,111.347842660279,110.49132975753813,111.32890606726258,4443
2021-12-01,111.32890606726258,112.04659552783149,109.33293181863212,110.10022077716752,1574
2021-12-02,110.10022077716752,110.9656487814014,109.9726076152912,110.29648519935404,7825
2021-12-03,110.29648519935404,110.5291283335262,109.82418321660236,110.50434317781433,6121
2021-12-04,110.50434317781433,111.44095027803705,109.10118743059294,109.6338778851028,1557
2021-12-05,109.6338778851028,109.68227685253113,107.22188490986693,108.18087837940675,7327
2021-12-06,108.18087837940675,108.6958826161034,105.54006674644003,106.29817899870007,1789
2021-12-07,106.29817899870007,106.79145659270588,105.10566862598942,105.66439496285456,4268
2021-12-08,105.66439496285456,105.70318855045615,104.48581985360654,104.96601293661847,7690
2021-12-09,104.96601293661847,105.01609961676154,103.50957575458277,104.07478843138709,5885
2021-12-10,104.07478843138709,105.03832417356146,103.34199230831226,103.79772474815034,5987
2021-12-11,103.79772474815034,104.79473440288676,103.08058040367347,104.36972978906039,9718
2021-12-12,104.36972978906039,104.5872399341376,103.66829671321076,103.80713089726574,1581
2021-12-13,103.80713089726574,103.84030700417391,102.22183090355338,102.50371960693663,5168
2021-12-14,102.50371960693663,102.96260836993908,102.39238042645523,102.44688704553371,1364
2021-12-15,102.44688704553371,105.3195219630214,102.36692332722325,104.38274104364987,2718
2021-12-16,104.38274104364987,105.85403060691439,104.04523006548172,105.50999728389642,7540
2021-12-17,105.50999728389642,106.47394131985898,104.93302149769936,105.51113208283317,1613
2021-12-18,105.51113208283317,106.00430749308849,104.16337175234936,104.94925278952343,6088
2021-12-19,104.94925278952343,106.1085354397115,104.05461635937375,105.48493523095499,2699
2021-12-20,105.48493523095499,106.59443274455371,105.28345477779447,106.21589276204107,1251
2021-12-21,106.21589276204107,106.95432884706477,104.30084427945667,104.98061720355741,7972
2021-12-22,104.98061720355741,107.39765380575666,104.47443658049657,106.41079787827726,3023
2021-12-23,106.41079787827726,106.89971124175261,105.4323427433188,106.34516654315382,4555
2021-12-24,106.34516654315382,106.39971997019776,105.61116398650856,106.11717751561373,1340
2021-12-25,106.11717751561373,106.24010216552551,105.16636952978538,105.769995230033,7875
2021-12-26,105.769995230033,106.367942330641,104.22099310712296,104.99653031579949,3691
2021-12-27,104.99653031579949,105.96078022536628,104.1056450427339,104.24804886837462,9014
2021-12-28,104.24804886837462,104.43873157218135,103.24848239088182,103.81917472414393,5005
2021-12-29,103.81917472414393,104.29489983662722,101.52017875217578,102.50589843229216,2992
2021-12-30,102.50589843229216,104.14339054315452,102.1243741603871,103.3952663623455,2985
2021-12-31,103.3952663623455,103.54255204043284,102.12600175912135,102.97212306989162,1323
2022-01-01,102.97212306989162,103.72455490642075,101.73193743818352,102.335265491804,3651
2022-01-02,102.335265491804,103.74523343576945,101.90418770039194,102.96295835779264,4555
2022-01-03,102.96295835779264,104.27372613880374,102.45118866646281,103.68747275376161,9779
2022-01-04,103.68747275376161,104.31576659909018,102.78617909885789,103.20119697079946,2475
2022-01-05,103.20119697079946,103.76189146383335,103.16122249169109,103.31167149047171,1355
2022-01-06,103.31167149047171,104.04516136959576,100.84923008887787,101.81689278111095,5437
2022-01-07,101.81689278111095,102.3174382252788,101.13251195596524,101.7793475499184,7333
2022-01-08,101.7793475499184,102.5425040667656,100.17966615844973,100.79816472103973,5682
2022-01-09,100.79816472103973,103.42422740676517,100.09945612255844,102.6261972288383,8731
2022-01-10,102.6261972288383,103.59960352851277,101.48833621858878,101.8987430090248,8621
2022-01-11,101.8987430090248,102.52821837809074,101.29293123332923,101.99339641118213,4586
2022-01-12,101.99339641118213,102.57517261120823,99.5255995430449,100.0984463927282,1286
2022-01-13,100.0984463927282,100.18425914399963,99.78093291793797,100.01426254407251,8633
2022-01-14,100.01426254407251,100.79495479571315,99.11480271199383,100.02228876645609,1596
2022-01-15,100.02228876645609,100.69041884640312,99.01138474786258,99.63979169018612,2564
2022-01-16,99.63979169018612,101.21005403383496,99.26838808246383,100.72570238450893,4022
2022-01-17,100.72570238450893,100.83836384910113,100.06926439784188,100.1897155564715,3705
2022-01-18,100.1897155564715,101.09175400588018,99.94782511558381,101.0881640483444,4332
2022-01-19,101.0881640483444,103.10833949318838,100.6369023710335,102.47928221577405,9934
2022-01-20,102.47928221577405,103.36218235128682,101.50474721504534,103.06899760612848,7626
2022-01-21,103.06899760612848,105.46927148761569,102.55255526105755,105.40474506722978,3240
2022-01-22,105.40474506722978,105.91101569898011,103.33657325755749,104.26858976808758,1752
2022-01-23,104.26858976808758,104.7517139570863,103.86710449105802,104.2367955370267,1064
2022-01-24,104.2367955370267,104.9191831874166,102.08298677062743,102.44222739543191,1186
2022-01-25,102.44222739543191,103.69253722666507,101.85560053227883,102.87262967771682,7190
2022-01-26,102.87262967771682,103.1286521610034,102.33048935045656,103.05089307556112,9081
2022-01-27,103.05089307556112,103.6193025484132,101.95371949910381,102.36460584739709,2211
2022-01-28,102.36460584739709,102.81142751363315,101.0581699060158,101.16302436735421,9402
2022-01-29,101.16302436735421,104.57818856838539,101.14660388587636,103.99063624066049,7107
2022-01-30,103.99063624066049,104.51451190753352,102.47519139930881,102.60384301917894,9824
2022-01-31,102.60384301917894,103.69185720274082,102.18205653937714,102.73046453840645,4620
2022-02-01,102.73046453840645,102.97945284305305,101.85472071847141,102.2589855168401,8911
2022-02-02,102.2589855168401,104.29100488966162,101.26373403323072,103.3120560226458,4124
2022-02-03,103.3120560226458,105.83485937841127,102.62470732884817,104.97655484343944,5193
2022-02-04,104.97655484343944,105.35942177005248,103.65926511181297,104.19776414317732,2548
2022-02-05,104.19776414317732,104.61523388224585,102.91984729991947,103.08086464605822,6132
2022-02-06,103.08086464605822,103.27452308884222,101.17574171807313,102.14626758862234,4728
2022-02-07,102.14626758862234,102.84040115385315,102.13669697232073,102.68373075020007,8667
2022-02-08,102.68373075020007,102.84570247032279,101.34206504530795,102.1401764290953,5277
2022-02-09,102.1401764290953,104.67636550909387,101.40947516252291,103.8102628922929,4729
2022-02-10,103.8102628922929,104.13000609092771,102.5125048808458,103.11259539560996,8599
2022-02-11,103.11259539560996,103.95059691203032,102.58402187982402,103.2603847596485,2673
2022-02-12,103.2603847596485,103.52705149353187,102.37178292280674,103.19555935359072,7425
2022-02-13,103.19555935359072,104.20431716628981,103.04444825657264,103.56849940319256,6309
2022-02-14,103.56849940319256,104.34450143746294,102.15016798633792,102.9518745354733,9255
2022-02-15,102.9518745354733,105.09584923309387,102.25068133033155,104.80559440336332,4203
2022-02-16,104.80559440336332,105.90171812294103,104.07520033414696,105.39530772188812,1932
2022-02-17,105.39530772188812,105.45707655879256,105.0422220053436,105.23835009022203,9973
2022-02-18,105.23835009022203,107.05975416574879,104.45469361914643,106.7283681103553,1095
2022-02-19,106.7283681103553,107.45692426759082,104.51436517560471,105.20391133205999,4514
2022-02-20,105.20391133205999,106.08903808774515,105.18400813649191,105.48359603531023,3890
2022-02-21,105.48359603531023,107.54101279052496,105.26549007183793,106.55372659386556,8759
2022-02-22,106.55372659386556,107.31398942501487,104.48647483467025,105.2908865591632,8111
2022-02-23,105.2908865591632,105.83979231487265,104.46537825506434,105.66427397322306,8591
2022-02-24,105.66427397322306,106.57814639303018,104.60095516990471,104.96480670029283,2154
2022-02-25,104.96480670029283,107.48478187910773,104.59074719127541,107.19996736756366,4748
2022-02-26,107.19996736756366,107.53478128452028,105.1329852957663,105.35940661511769,6776
2022-02-27,105.35940661511769,105.41786499431814,103.66700728034067,104.09431085233902,5808
2022-02-28,104.09431085233902,105.09255866697457,103.10747828410544,104.32814553976272,3145
2022-03-01,104.32814553976272,105.2949785527655,103.82037119896025,103.96948887427179,1059
2022-03-02,103.96948887427179,105.11273304903891,103.61999477269757,104.50619897463018,6417
2022-03-03,104.50619897463018,105.8264399425647,104.19051349475897,105.5067671040233,2827
2022-03-04,105.5067671040233,107.92293465726519,105.01972274350315,107.15858658621752,3445
2022-03-05,107.15858658621752,109.80656816734236,106.76143710376184,109.21064258247831,9260
2022-03-06,109.21064258247831,110.18682269633221,108.14713578993131,108.94364113250182,8168
2022-03-07,108.94364113250182,109.22284964635065,107.3182380979255,107.95881281629948,5704
2022-03-08,107.95881281629948,108.74399973659177,107.6610115441031,108.18139810207433,6061
2022-03-09,108.18139810207433,109.02054644075918,107.35162996560777,108.70580491621818,5776
2022-03-10,108.70580491621818,108.87973226820782,107.4762375759662,107.87349653074432,5948
2022-03-11,107.87349653074432,108.75488577205095,107.12542287209699,107.27053308830665,5630
2022-03-12,107.27053308830665,107.96834383834039,106.38159097853188,106.50489473562679,8875
2022-03-13,106.50489473562679,106.55407042105256,105.24196814469093,105.69239340601818,2817
2022-03-14,105.69239340601818,105.90573724752332,104.53821153045793,104.64029811332533,3787
2022-03-15,104.64029811332533,105.48333396177618,104.36026336718577,104.67678808832375,2448
2022-03-16,104.67678808832375,105.70062727826709,104.61243136397343,104.74911528321307,6246
2022-03-17,104.74911528321307,104.8685130103254,103.36103862907127,103.46993879285681,9339
2022-03-18,103.46993879285681,105.55254060758547,102.51170020530049,105.3234413554071,1960
2022-03-19,105.3234413554071,105.81431926030035,104.65146066049674,105.32948800004569,3135
2022-03-20,105.32948800004569,108.24506420109194,104.64226213785568,107.27877392250049,2509
2022-03-21,107.27877392250049,108.03844019260191,107.16073432287638,107.30975980950592,2111
2022-03-22,107.30975980950592,109.24647588433861,106.62487101447098,108.3814996103646,2680
2022-03-23,108.3814996103646,108.81047611913583,107.9611470384686,108.49158442530984,7390
2022-03-24,108.49158442530984,110.3396366489324,107.49967517985402,109.82734989821913,1679
2022-03-25,109.82734989821913,110.04388506546047,108.8470070565367,109.51474788701908,1678
2022-03-26,109.51474788701908,109.63485251436316,108.81180714326905,109.25454923586226,6931
2022-03-27,109.25454923586226,109.65244821439731,108.4485007169019,108.96371597785985,5074
2022-03-28,108.96371597785985,109.75996474469387,106.60193800210557,106.90528648608354,4204
2022-03-29,106.90528648608354,108.26753129700204,106.25990808240007,108.1328499149484,5722
2022-03-30,108.1328499149484,111.35992558369075,107.54363107922929,110.77788070138062,1202
2022-03-31,110.77788070138062,112.71999743359237,110.19002194012205,111.9436589225851,3812
2022-04-01,111.9436589225851,112.23941783784758,110.99688769952884,111.38127967959917,3714
2022-04-02,111.38127967959917,111.70692218017972,111.20616783276787,111.44620637587484,2309
2022-04-03,111.44620637587484,111.95304587521655,110.37243512884407,111.25097259431561,5383
2022-04-04,111.25097259431561,111.74764063310168,111.22777263296051,111.43414835135576,7263
2022-04-05,111.43414835135576,113.01520942779344,111.28391008878674,112.23237813148467,9596
2022-04-06,112.23237813148467,113.4355722114607,111.95698189097618,112.77525053895107,2273
2022-04-07,112.77525053895107,113.5039790074205,112.05625461370053,112.68924319211337,5575
2022-04-08,112.68924319211337,114.95194252332048,112.41052422177866,114.06548255161391,1271
2022-04-09,114.06548255161391,114.2659033788336,112.32962253538352,113.17468589819615,8904
2022-04-10,113.17468589819615,113.47154554534283,112.31373685946456,112.54104112956827,3418
2022-04-11,112.54104112956827,113.16746393876298,112.197929011216,112.79257143767,5437
2022-04-12,112.79257143767,113.6259896803788,112.25946838420327,113.57747737645688,9946
2022-04-13,113.57747737645688,115.89810185514398,112.67320999978543,114.93923121321328,7042
2022-04-14,114.93923121321328,117.83337867267663,113.94417621069246,117.09945854772417,9871
2022-04-15,117.09945854772417,117.95605605438737,116.34887278999726,116.59022666484728,7610
2022-04-16,116.59022666484728,117.58690946413402,115.80293407792472,116.81672960031977,8032
2022-04-17,116.81672960031977,117.42519105507782,115.95886110932821,116.19871952513236,9268
2022-04-18,116.19871952513236,118.47756380286012,115.68140534874762,117.69232385103273,3485
2022-04-19,117.69232385103273,118.0252060314998,117.09152777002015,117.5270091020933,9904
2022-04-20,117.5270091020933,117.98945473414759,117.03295250444897,117.90959114559462,2721
2022-04-21,117.90959114559462,118.58816472980939,116.92149691668851,118.19462027865099,1958
2022-04-22,118.19462027865099,119.87985160519882,117.3188519363787,119.46524665556801,2460
2022-04-23,119.46524665556801,120.76554812069229,119.02686168895029,119.79238902352836,6800
2022-04-24,119.79238902352836,120.27836533916283,118.38646208854968,119.33779784511992,2032
2022-04-25,119.33779784511992,121.52724746170608,119.23171577857924,120.85387797402309,2209
2022-04-26,120.85387797402309,121.43455367405063,118.57374312585682,118.73074131975444,3129
2022-04-27,118.73074131975444,119.47729197132139,116.90972862278048,117.89298618451349,1187
2022-04-28,117.89298618451349,118.6449913889705,116.85186024459674,117.29165718405437,4455
2022-04-29,117.29165718405437,118.23883293723382,116.11972212001851,116.46348672299362,9717
2022-04-30,116.46348672299362,117.73805790884313,115.69093122175802,117.30921851479117,4556
2022-05-01,117.30921851479117,118.18845642627298,117.01056221399325,117.25440343834474,1705
2022-05-02,117.25440343834474,117.39956048725851,115.81474781975058,116.53747125577785,6019
2022-05-03,116.53747125577785,117.69007999482503,116.2723760793136,117.55392484612395,2175
2022-05-04,117.55392484612395,118.55679238560609,116.74025237874342,117.73357585827378,4209
2022-05-05,117.73357585827378,118.70219000110367,117.1349967085263,118.12542020690759,6964
2022-05-06,118.12542020690759,118.57121824626782,115.2589204298112,115.78002258307296,6817
2022-05-07,115.78002258307296,116.64571766663671,114.93535387344303,116.32388434025279,8665
2022-05-08,116.32388434025279,116.55659860057546,115.13335815972492,116.00707987665044,6753
2022-05-09,116.00707987665044,116.11973878991788,115.87906604095801,115.88505810316703,9927
2022-05-10,115.88505810316703,116.16059886640365,115.147351604685,115.71668789912619,2520
2022-05-11,115.71668789912619,116.67089333264421,114.47725695460039,115.23324869624423,8878
2022-05-12,115.23324869624423,116.21837261063204,113.42833012122627,114.4219607947156,6244
2022-05-13,114.4219607947156,115.85200020781444,113.4750360061307,115.72022623448444,5789
2022-05-14,115.72022623448444,118.8195773590415,115.1284524068045,118.13969259530128,8240
2022-05-15,118.13969259530128,119.44588064558901,117.41162795606297,119.18536922534662,6334
2022-05-16,119.18536922534662,120.5337808418771,118.57427800674854,119.94393832124557,1210
2022-05-17,119.94393832124557,120.08233113732408,118.59672678462871,119.45883949652529,7372
2022-05-18,119.45883949652529,120.191886575809,117.37791601736362,117.96202542864718,9152
2022-05-19,117.96202542864718,118.91844570758764,115.98541881664255,116.1365987423618,5271
2022-05-20,116.1365987423618,116.30862068157757,115.76285542217008,116.24025774611826,3347
2022-05-21,116.24025774611826,117.172904041379,115.71487494939437,115.79224502577397,6638
2022-05-22,115.79224502577397,116.06535155852548,115.05120839855438,115.52406654346878,5096
2022-05-23,115.52406654346878,116.97476969041708,114.76601027914131,116.1602271731254,2413
2022-05-24,116.1602271731254,116.66146521607213,113.6615474072697,113.95691867416147,9535
2022-05-25,113.95691867416147,115.02616423701095,113.06040337696369,114.1931334452557,4593
2022-05-26,114.1931334452557,114.72524467253865,113.93353010658234,114.36408276917058,2836
2022-05-27,114.36408276917058,114.93682981773792,114.17810103296391,114.85839073728222,5399
2022-05-28,114.85839073728222,115.11090672897349,113.51735907292829,114.50749394362157,6274
2022-05-29,114.50749394362157,114.88521595389676,113.6890288760392,114.03641860639752,8261
2022-05-30,114.03641860639752,114.5583573410802,112.71042275643794,113.53979274707076,9862
2022-05-31,113.53979274707076,115.83736794460218,113.27684246841966,114.84974742369653,9411
2022-06-01,114.84974742369653,115.48871327798206,113.57272449760916,113.66198426973908,8418
2022-06-02,113.66198426973908,114.48632430834405,111.35305417199872,112.217839633689,6679
2022-06-03,112.217839633689,113.09483139155826,112.06116602493087,112.9624874352883,9154
2022-06-04,112.9624874352883,114.70719056502196,112.8038006633651,114.57872798015285,7492
2022-06-05,114.57872798015285,115.32289141546705,113.81613935617753,114.99928853685341,9246
2022-06-06,114.99928853685341,118.32888928291166,114.39768264584403,117.65697537616805,9103
2022-06-07,117.65697537616805,118.00579781078262,116.22683481172136,116.34968956365394,3893
2022-06-08,116.34968956365394,118.54741096717832,116.03867473385154,117.77258311580559,4858
2022-06-09,117.77258311580559,118.01363678840063,116.1895844516618,116.23166365642612,7917
2022-06-10,116.23166365642612,116.42619480161177,115.50827078366439,116.23774907511705,2437
2022-06-11,116.23774907511705,116.84435347551894,114.91769243603792,115.52820092870921,3227
2022-06-12,115.52820092870921,116.41090250056487,114.67408643149264,114.95847122980443,9677
2022-06-13,114.95847122980443,115.65398227275324,113.57431091101385,113.99642599802377,2529
2022-06-14,113.99642599802377,116.20281925816695,113.48571505322172,116.04256111481828,7749
2022-06-15,116.04256111481828,117.30009293605072,115.66555734463678,116.45043051370631,1116
2022-06-16,116.45043051370631,116.90111124462918,115.82303406054758,115.8655527536539,8745
2022-06-17,115.8655527536539,116.22278789884021,114.76154729288209,115.4981511955124,8713
2022-06-18,115.4981511955124,116.92904942403167,115.2538760616319,116.09738604300838,4362
2022-06-19,116.09738604300838,117.42916164388221,115.95013027910626,116.52648824453965,7062
2022-06-20,116.52648824453965,116.89939111970774,115.3957554173231,116.0418258466839,6985
2022-06-21,116.0418258466839,116.99274962127477,114.28351729057731,114.4692127695245,1537
2022-06-22,114.4692127695245,114.75620300903685,114.07494402309842,114.48331186650672,7505
2022-06-23,114.48331186650672,115.27661978037088,113.79505549061639,113.86538599301318,3447
2022-06-24,113.86538599301318,113.903881172693,111.86142917227237,112.5368541603656,9564
2022-06-25,112.5368541603656,113.89162181994791,111.93061518183782,113.67738283254975,2851
2022-06-26,113.67738283254975,114.02923019137167,111.42315504054386,112.06831715621875,8000
2022-06-27,112.06831715621875,114.43376644794353,111.64999272312069,113.88999687051908,4684
2022-06-28,113.88999687051908,114.48964098384762,112.96587682418539,113.65153386648237,9773
2022-06-29,113.65153386648237,113.93177407274256,112.98701020600367,113.00919772851944,7142
2022-06-30,113.00919772851944,114.99739460210473,112.46641868242297,114.53516669122277,9435
2022-07-01,114.53516669122277,115.36434648038278,113.67530341315334,114.16346867567783,7032
2022-07-02,114.16346867567783,115.67484719425985,113.62804593875573,114.81421835755883,3902
2022-07-03,114.81421835755883,115.70068339055645,111.9714239790155,112.3841010668233,4587
2022-07-04,112.3841010668233,112.39175908196363,110.47729977269896,111.11575862752441,3984
2022-07-05,111.11575862752441,111.70238091564211,109.9973331466805,110.94098133917456,9998
2022-07-06,110.94098133917456,111.61256848420325,110.87185737192442,110.95301958302325,8099
2022-07-07,110.95301958302325,111.18034394868519,109.75693053098266,110.1081034259458,1532
2022-07-08,110.1081034259458,111.29514450037055,109.95190289054368,110.56555092815542,3923
2022-07-09,110.56555092815542,111.03054661548344,108.5384777993907,108.8964778803748,4271
2022-07-10,108.8964778803748,109.96433380619361,108.11463010140392,109.25091105295422,3117
2022-07-11,109.25091105295422,110.2036714497827,108.78763312024358,109.26180589719102,7463
2022-07-12,109.26180589719102,109.87227064319453,108.0657912699495,108.1873540591884,5662
2022-07-13,108.1873540591884,109.00051612379514,107.06167011375591,107.48010714732756,4660
2022-07-14,107.48010714732756,108.79888512281372,107.11166690894056,107.8114111817664,1168
2022-07-15,107.8114111817664,108.3533664706055,105.73842418538796,106.71521747171401,6155
2022-07-16,106.71521747171401,107.61025197577248,105.72523985486924,106.7576321164392,7306
2022-07-17,106.7576321164392,107.17888973029663,106.04030666548873,106.41447919378965,9454
2022-07-18,106.41447919378965,108.15458513702843,105.4891578557189,107.53383712063608,2805
2022-07-19,107.53383712063608,107.78835525571253,106.7352219959216,107.21588746624846,5157
2022-07-20,107.21588746624846,108.36971527038772,106.67036552271956,108.24779127977637,7815
2022-07-21,108.24779127977637,110.36693872245287,107.91995684296786,109.63368981050667,3091
2022-07-22,109.63368981050667,109.99747550341937,109.04005366128322,109.28857487666424,1926
2022-07-23,109.28857487666424,110.25488344796173,109.00100936529103,109.21890334502464,4225
2022-07-24,109.21890334502464,109.59940162521588,108.89129020977313,108.92551020298875,2303
2022-07-25,108.92551020298875,109.53042367601397,108.34756340916358,108.51963809918509,7818
2022-07-26,108.51963809918509,109.4864937566702,107.36104560892645,107.85794017546634,9341
2022-07-27,107.85794017546634,108.06857225102783,107.39828479722325,107.83487615141865,5080
2022-07-28,107.83487615141865,108.82779011343301,107.10001480780365,107.17708445985866,6361
2022-07-29,107.17708445985866,107.32903335991084,106.56459824852686,107.051997927244,8454
2022-07-30,107.051997927244,108.32259303019157,106.51052014698038,107.74091226527949,5992
2022-07-31,107.74091226527949,108.17063215759079,107.49788205097924,107.70944951809024,4013
2022-08-01,107.70944951809024,108.34565629444752,106.76111090939439,107.4756124567792,5073
2022-08-02,107.4756124567792,107.69219100440174,106.79126063439591,107.28602612239197,4316
2022-08-03,107.28602612239197,107.37212665148284,106.56162755215632,107.27398330024232,2959
2022-08-04,107.27398330024232,107.75142726347903,106.0726321273082,106.8140162737559,2559
2022-08-05,106.8140162737559,108.49027722161004,106.27539026927575,107.5044897866562,1696
2022-08-06,107.5044897866562,108.88011894396452,106.65986980964142,108.20410628047303,9167
2022-08-07,108.20410628047303,109.37339044392684,107.32215802127398,108.47530755031043,7529
2022-08-08,108.47530755031043,110.29655570284622,108.30906877725629,109.50897294312202,8083
2022-08-09,109.50897294312202,110.35958161036014,109.12591019213328,109.666958995614,6525
2022-08-10,109.666958995614,110.66366133993995,108.8223595151508,109.34680847819287,9898
2022-08-11,109.34680847819287,111.3155989502817,109.1171265278215,111.07123340764207,6092
2022-08-12,111.07123340764207,111.58146314007283,110.49137528340563,110.98675269927729,8602
2022-08-13,110.98675269927729,111.17356848689495,109.6285789350407,110.23156610563652,5837
2022-08-14,110.23156610563652,110.84349358924116,109.48256137294649,110.62503820881659,1843
2022-08-15,110.62503820881659,111.03054478320857,109.8379288856864,110.38216902102465,1623
2022-08-16,110.38216902102465,111.12862000337994,108.1605757656289,109.12354513678248,3793
2022-08-17,109.12354513678248,110.06028259648399,107.66912944562189,108.17945287810836,2836
2022-08-18,108.17945287810836,109.37896585296089,107.34803657221984,109.33083063275217,9367
2022-08-19,109.33083063275217,109.67926645207154,108.41192527170153,109.55103632723555,6340
2022-08-20,109.55103632723555,110.10276906226723,109.15781980711341,109.46487305535558,1057
2022-08-21,109.46487305535558,111.79234147979851,109.21889106570603,111.11935285555347,2961
2022-08-22,111.11935285555347,111.72418258133263,110.80004252986741,110.94070796961151,6940
2022-08-23,110.94070796961151,111.76682376658324,110.48930662138973,111.69765494610523,4588
2022-08-24,111.69765494610523,112.93098008920201,111.1936789503956,112.04038604781672,9442
2022-08-25,112.04038604781672,112.32001426872657,111.71685786477327,111.82192592444372,5553
2022-08-26,111.82192592444372,112.01361650992901,110.47626571981283,111.12382418746027,1951
2022-08-27,111.12382418746027,111.8971459630925,109.83078013945175,110.53955328493169,6714
2022-08-28,110.53955328493169,111.86903183033037,110.13633795820994,111.3869316629731,7487
2022-08-29,111.3869316629731,113.30414982018368,110.64083351570024,112.77410464638184,4138
2022-08-30,112.77410464638184,114.136858328641,112.19481851542365,113.14585755392324,7794
2022-08-31,113.14585755392324,113.16902755867932,112.09573693875596,113.01534204985515,7925
2022-09-01,113.01534204985515,113.67852871396008,111.79362162690515,112.24745601550555,7727
2022-09-02,112.24745601550555,112.37390289692787,111.76519498552406,111.99676476335715,6417
2022-09-03,111.99676476335715,112.74013411975801,111.61483964633177,111.83689792443819,1961
2022-09-04,111.83689792443819,113.20848131363665,111.71429332063697,112.77939116310979,7110
2022-09-05,112.77939116310979,113.98336124649894,112.5057672877068,113.77997447775664,9601
2022-09-06,113.77997447775664,113.88577094598723,112.57904594087715,113.12168891411939,4260
2022-09-07,113.12168891411939,113.52456754308314,111.73357172682014,112.29801528572791,9009
2022-09-08,112.29801528572791,112.30316509564337,108.83959380873449,109.74792415486414,2707
2022-09-09,109.74792415486414,110.5978628444452,108.91017758918619,109.02749416914745,4665
2022-09-10,109.02749416914745,109.52535280323856,108.68360039002155,109.49450950806238,4444
2022-09-11,109.49450950806238,112.05467880419349,109.33167499775041,111.35543782326846,7184
2022-09-12,111.35543782326846,111.80487429151539,109.72381243685464,110.70728186482447,7914
2022-09-13,110.70728186482447,111.03136995995811,109.69155636602653,110.45842933710176,4254
2022-09-14,110.45842933710176,111.30493298919306,108.83027423924345,108.84599716916534,3489
2022-09-15,108.84599716916534,110.5671463973689,108.79753167696282,109.92070531753353,1569
2022-09-16,109.92070531753353,113.24303979466481,109.16787654237467,112.82756448597398,5086
2022-09-17,112.82756448597398,114.03825095796547,112.10602685585744,113.888514106047,1426
2022-09-18,113.888514106047,114.24065763783312,112.42360706235914,113.0179382613056,4290
2022-09-19,113.0179382613056,114.78893095364312,112.75729333862098,114.44091016147678,5866
2022-09-20,114.44091016147678,115.60031284935928,113.51066418835445,114.88902016149466,4244
2022-09-21,114.88902016149466,115.37807270534128,113.85088046325565,113.92770936262706,3853
2022-09-22,113.92770936262706,114.48110769730552,113.35173890932647,113.39770622067994,7300
2022-09-23,113.39770622067994,115.75384130094815,113.18465367349596,115.32948146371135,3128
2022-09-24,115.32948146371135,116.4153311593883,114.6582317757819,116.0239200359483,6024
2022-09-25,116.0239200359483,116.58945993404446,115.49388087289354,116.57425278076111,7207
2022-09-26,116.57425278076111,118.40766810187823,115.87573687082327,118.0482763878473,7841
